7703	
737	J
573	David
542	S
484	Sarah
476	A
471	Paul
469	M
447	Andrew
418	John
406	C
399	Helen
376	Jane
370	Mark
362	Karen
337	Susan
324	D
323	P
321	Richard
314	Julie
299	Alison
291	Sue
287	Peter
281	Simon
276	R
267	Stephen
235	Claire
233	Michael
228	Chris
227	L
227	Ian
215	K
214	Elizabeth
214	Anne
204	G
202	Angela
199	Linda
199	Christine
195	Nicola
186	Rachel
186	Joanne
185	Catherine
179	Emma
174	Louise
174	Lisa
174	James
171	Janet
166	Robert
163	Amanda
162	Matthew
161	Wendy
161	Martin
161	E
158	Ann
157	Christopher
156	N
153	Caroline
152	B
150	Jo
149	Mary
148	Rebecca
143	H
142	Steve
138	Sharon
137	Michelle
137	Gary
133	Clare
132	Kate
129	Sally
129	Jonathan
129	Carol
124	Kevin
123	Neil
123	Fiona
122	Jill
117	Lesley
116	Mike
116	Margaret
115	Gillian
115	Deborah
114	T
110	Julia
110	Judith
108	Stuart
107	Tim
106	Heather
104	Ruth
104	Elaine
104	Diane
100	Philip
100	Nick
100	Gill
97	Anthony
97	Alan
95	Tracy
95	Jackie
94	Andrea
92	Patricia
92	Jennifer
92	Debbie
91	Andy
87	Jan
86	Graham
85	Tony
85	Kathryn
84	Tracey
83	Phil
82	Sandra
82	Nigel
82	Liz
80	Paula
79	Lynn
78	Joanna
77	Lynne
76	Victoria
76	Barbara
75	Kim
74	Suzanne
73	Steven
72	Colin
72	Anna
71	Pauline
70	Denise
69	Laura
69	Jenny
68	Sara
67	Lee
67	Carolyn
64	Samantha
64	Daniel
63	Brian
62	Maria
62	Lorraine
62	Jacqueline
61	Rob
61	I
60	Melanie
60	Keith
59	Lucy
59	Adrian
58	Dawn
57	Zoe
57	Roger
57	Alex
56	Jayne
55	V
53	Nicholas
53	Maureen
53	Kay
53	Jon
53	Craig
53	Ben
52	Sheila
52	Cathy
51	Gareth
51	Frances
51	F
51	Cheryl
51	Beverley
50	Yvonne
50	Marie
50	Hilary
49	Janice
48	W
48	Debra
48	Adam
47	William
47	Stephanie
47	Pamela
47	J M
46	Timothy
46	Carole
46	Bernadette
45	Sam
45	Marion
45	Mandy
45	J A
44	Tom
44	Dave
43	Shirley
43	Pam
43	Matt
43	Charlotte
41	Jeremy
41	Jason
41	Hazel
41	Darren
40	Vicky
40	Tina
40	Sean
40	Katherine
40	Jim
39	Teresa
39	Penny
39	Jean
39	Duncan
39	Anita
38	Jacqui
37	Valerie
37	S J
37	Rachael
37	Eileen
37	Clive
36	Patrick
36	Katie
36	A J
35	Maggie
35	Gail
34	Vanessa
34	M J
34	Kerry
34	Kathy
34	Joan
33	Julian
33	Iain
33	Geraldine
33	Annette
33	A M
32	Trevor
32	Robin
32	Edward
32	C A
30	Rosemary
30	Lynda
30	J E
30	Donna
30	Carl
29	M A
29	Kelly
28	Theresa
28	Pat
28	P J
28	P A
28	Lorna
28	Joy
28	Graeme
28	Georgina
28	Diana
27	Sian
27	Russell
27	Philippa
27	Martyn
27	Kirsty
27	Geoff
26	Lindsey
26	Lindsay
26	Hayley
26	Frank
26	D J
26	C J
26	Bill
25	Y
25	Shaun
25	Gavin
25	Dominic
25	Christina
24	Justine
24	George
24	Brenda
24	Annie
23	Wayne
23	Sonia
23	Justin
23	Judy
23	Joe
23	Heidi
23	Gordon
23	Derek
23	Dan
23	Barry
23	Ashley
22	Terry
22	Michele
22	Ken
22	Jeanette
22	Brendan
21	Nicky
21	Maxine
21	Lyn
21	Louisa
21	Joseph
21	J R
20	Veronica
20	Scott
20	Nikki
20	Malcolm
20	Emily
20	Dean
20	Amy
19	Stewart
19	Sophie
19	Naomi
19	Katy
19	Kathleen
19	June
19	Hannah
19	Christian
19	C M
18	Vicki
18	Val
18	S A
18	R J
18	P M
18	Katharine
18	J P
18	Gerard
18	Damian
18	D M
18	Bridget
17	Vivienne
17	Rosie
17	Ros
17	M E
17	Hugh
17	Howard
17	E A
17	Charles
17	Anne-Marie
17	Alice
17	Alexandra
16	Thomas
16	Sylvia
16	Rosalind
16	Ray
16	R A
16	Nichola
16	Marian
16	Liam
16	Leigh
16	Kieran
16	Jennie
16	Jeff
16	Janine
16	Gaynor
16	C D
16	Allison
15	S M
15	Roy
15	Monica
15	Michaela
15	Marilyn
15	Kath
15	Juliet
15	Janette
15	J S
15	Helena
15	Glenn
15	Dianne
15	Charlie
15	Belinda
15	Antony
15	Annabel
14	Shellie
14	Sharron
14	Sandy
14	Lyndsey
14	Lawrence
14	Kirsten
14	Josephine
14	Jessica
14	J C
14	Isabel
14	Geoffrey
14	Garry
14	Colette
14	Celia
14	Alun
13	Tanya
13	Rick
13	Phillip
13	Pete
13	Nicole
13	Moira
13	Marcus
13	M R
13	Leanne
13	L A
13	Jamie
13	Glyn
13	Gerry
13	Gemma
13	Fran
13	Erica
13	E M
13	E J
13	Des
13	Cath
13	Bob
13	Bernard
13	A S
13	A C
12	Trudy
12	T J
12	Susannah
12	Shelagh
12	S E
12	Ryan
12	Rose
12	Madeleine
12	K M
12	Joyce
12	Jillian
12	Guy
12	Gina
12	Ellen
12	Ed
12	Damien
12	Ceri
11	Vivien
11	VA
11	Stella
11	S L
11	R G
11	Natasha
11	Natalie
11	M T
11	M C
11	Jude
11	Jacquie
11	J B
11	Huw
11	G M
11	G A
11	Evelyn
11	Dorothy
11	D C
11	Beverly
11	B J
11	Alyson
11	Alexander
11	A R
11	A P
11	A E
10	Toby
10	Siobhan
10	Shelley
10	Raymond
10	R M
10	Oliver
10	Nicki
10	Nathan
10	Nancy
10	N J
10	Melissa
10	Marianne
10	K J
10	K A
10	Janis
10	J K
10	H M
10	Giles
10	Esther
10	Eddie
10	D A
10	Carmel
10	B M
10	Ali
9	Virginia
9	Trish
9	Tricia
9	Toni
9	Tessa
9	Terence
9	Seamus
9	S C
9	Rupert
9	Rowena
9	Rita
9	Penelope
9	Noreen
9	Megan
9	M G
9	Luke
9	Leah
9	L J
9	Katrina
9	Karl
9	J L
9	J D
9	Irene
9	Harry
9	Gregory
9	Greg
9	G J
9	Francis
9	Felicity
9	Elisabeth
9	Deirdre
9	Danny
9	Danielle
9	Bev
9	Ann-Marie
9	Ange
9	Alastair
9	Abigail
8	Vincent
8	Ursula
8	Sujata
8	Steph
8	Stacey
8	Sandie
8	Rhona
8	Rhian
8	Patsy
8	P W
8	P G
8	Noel
8	Nadine
8	Mohammed
8	Miriam
8	Marc
8	L M
8	Ivan
8	Gayle
8	Francesca
8	Fay
8	Dennis
8	Dee
8	D G
8	Cathryn
8	Caron
8	Carly
8	Carla
8	Bruce
8	Bernie
8	Allan
8	Adrienne
7	Z
7	Yasmin
7	Trudi
7	Terri
7	Tamsin
7	Tamara
7	Susanne
7	S R
7	S F
7	S D
7	Rosemarie
7	Roberta
7	Pippa
7	P S
7	P R
7	P H
7	Olivia
7	Nina
7	Niall
7	Melody
7	Max
7	Marina
7	M S
7	Lynette
7	Lizzie
7	Lin
7	Kirstie
7	Kenneth
7	Kaye
7	K L
7	Juliette
7	Johanna
7	Jacky
7	J W
7	J J
7	J G
7	G R
7	G D
7	Faye
7	Eric
7	E C
7	Doug
7	Delia
7	Daryl
7	D R
7	Christopher J
7	C L
7	C H
7	Bryan
7	Brigid
7	Brett
7	Benjamin
7	B A
7	Avril
7	Anne Marie
7	Alistair
7	Adele
7	Aaron
6	Will
6	U
6	Tania
6	T S
6	T M
6	T A
6	Susie
6	Spencer
6	Ross
6	Ron
6	Peta
6	P D
6	Nic
6	Mr
6	Moya
6	Mick
6	Mathew
6	Martina
6	Marjorie
6	Marie-Louise
6	Margot
6	M M
6	Lucie
6	L C
6	Jonathon
6	Joel
6	Jodie
6	Jeffrey
6	Jared
6	Jack
6	J H
6	Isobel
6	Ingrid
6	Grant
6	Glynis
6	G F
6	G E
6	F M
6	Estelle
6	Di
6	Denis
6	Dale
6	D T
6	Colleen
6	Cindy
6	Carrie
6	Becky
6	Annemarie
6	Amarjit
6	Allyson
6	Aileen
6	A L
6	A D
5	Yvette
5	Viv
5	Veronique
5	Verity
5	V E
5	Therese
5	Tess
5	Tara
5	Su
5	Simone
5	Sheena
5	Shazia
5	Shane
5	Serena
5	Sasha
5	S K
5	Rosalyn
5	Roisin
5	Rod
5	Rhonda
5	Rhiannon
5	Remo
5	Rebekah
5	Rajinder
5	R W
5	R S
5	R B
5	Polly
5	Philomena
5	Phillippa
5	P K
5	P F
5	P E
5	O
5	Norman
5	Norma
5	Nora
5	Neville
5	Mrs
5	Martine
5	Marcia
5	M P
5	M H
5	M B
5	Leslie
5	Leonie
5	Len
5	Laurence
5	Lara
5	Kris
5	Kirsti
5	Kerrie
5	Karyn
5	Karin
5	Jeannie
5	Jay
5	J F
5	I M
5	I D
5	Hassan
5	H L
5	H A
5	Grahame
5	Grace
5	Glen
5	Gerald
5	Gabrielle
5	Faith
5	Ewan
5	Ewa
5	Euan
5	Eleanor
5	Delyth
5	Della
5	Declan
5	Dayo
5	Darryl
5	D L
5	D F
5	D E
5	Corinne
5	Cherie
5	Catriona
5	Cathie
5	Catharine
5	Ca
5	Betty
5	Bethan
5	Beth
5	Bernice
5	Audrey
5	Arthur
5	April
5	Angie
5	Angharad
5	A W
5	A G
4	Zara
4	Yusuf
4	Violet
4	Vickie
4	V J
4	Trudie
4	Tracie
4	Tarun
4	Suzie
4	Stefan
4	Soo
4	Sinead
4	Sheryl
4	Shahram
4	Sally Ann
4	Sajid
4	Sacha
4	S P
4	S G
4	Ralph
4	RC
4	R E
4	Phillipa
4	P L
4	Owen
4	Nathalie
4	Mohammad
4	Miles
4	Meryl
4	Melvyn
4	Mel
4	Maura
4	M L
4	M F
4	M D
4	Lynsey
4	Lucinda
4	Lucille
4	Lou
4	Loraine
4	Lloyd
4	Lilian
4	Les
4	Leon
4	Leo
4	Lauren
4	L B
4	Kristina
4	Kirstin
4	Kimberley
4	Kieron
4	Kevan
4	Kerri
4	Kareen
4	Jo-Anne
4	Jenni
4	Jen
4	Jatinder
4	JULIE
4	J V
4	Holly
4	Hilda
4	Hamid
4	H S
4	H J
4	Grainne
4	Glenda
4	Gilly
4	Geraint
4	G L
4	Fred
4	Felix
4	Eve
4	Ella
4	E L
4	E F
4	Douglas
4	Dora
4	Don
4	Dermot
4	Debi
4	Debby
4	Debbi
4	Deb
4	Daran
4	D W
4	D P
4	D H
4	Cynthia
4	Coral
4	Cleo
4	Clair
4	Cherry
4	Carolyne
4	Carol-Anne
4	C. E
4	C S
4	C P
4	C G
4	Briony
4	B L
4	B E
4	B C
4	Antoinette
4	Alexis
4	Alec
4	Alasdair
4	Aidan
3	katie
3	Zelda
3	Yitzchak
3	Warren
3	Wanda
3	W S
3	W R
3	W M
3	W J
3	Vikki
3	Victor
3	VIV
3	Travis
3	Tawanda
3	Tammy
3	Suzy
3	Stefanie
3	Simon A
3	Shawn
3	Selene
3	Samuel
3	Sai
3	S H
3	S B
3	Russ
3	Ruby
3	Roz
3	Rosaleen
3	Ronald
3	Rona
3	Roland
3	Roderick
3	Rhodri
3	RICHARD
3	R T
3	R D
3	Pip
3	Piers
3	Phyllis
3	Phiippa
3	Paulette
3	P P
3	P C
3	P B
3	Nuala
3	Niki
3	Nerys
3	Neena
3	Nan
3	Naeem
3	N M
3	N L
3	N D
3	N B
3	N A
3	Muriel
3	Morag
3	Mo
3	Miranda
3	Mia
3	Mavis
3	Maurice
3	Mary Ellen
3	Marlene
3	Markus
3	Marika
3	Marcella
3	Mandie
3	Mandi
3	Mal
3	Maire
3	Madelaine
3	M W
3	Lyssy
3	Lynnette
3	Luisa
3	Lorrayne
3	Loretta
3	Llyn
3	Liza
3	Lise
3	Linsey
3	Libby
3	Leanda
3	Laurie
3	L R
3	L E
3	L D
3	Krysia
3	Kiran
3	Kelvin
3	Kathrine
3	Karine
3	K E
3	K D
3	Julie-Anne
3	Jonty
3	Jonquil
3	Jolyon
3	Johnathan
3	Jessie
3	Jerry
3	Jenna
3	Jed
3	Jeannette
3	Jasbir
3	Jaqueline
3	Jakki
3	Jake
3	Jacquline
3	Ja
3	Ivor
3	Inga
3	Inderjit
3	Haydn
3	Harriet
3	Gwyn
3	Gwen
3	Glenys
3	Ginny
3	Gerida
3	Georgetta
3	Ged
3	Garth
3	G P
3	Fraser
3	Florence
3	Fergus
3	FE
3	Erika
3	Ellie
3	Eliza
3	Ej
3	E V
3	Dwayne
3	Drew
3	Dionne
3	Derrick
3	Delyse
3	Deena
3	Davinder
3	Davina
3	David J
3	DI
3	D S
3	D I
3	Corinna
3	Conrad
3	Coleen
3	Cecilia
3	Catrin
3	Caren
3	Candida
3	Camilla
3	Cameron
3	Calum
3	Callum
3	C W
3	Bronwyn
3	Billy
3	Barnaby
3	Baljit
3	B R
3	Arnet
3	Antonia
3	Annwen
3	Ania
3	Androulla
3	Amelia
3	Alicia
3	Al
3	Ailsa
3	Abdullah
3	Abdul
3	A T
3	A K
3	A F
3	A B
3	A A
2	sarah
2	jane
2	Zofia
2	Zita
2	Zerina
2	Zena
2	Zelma
2	Zak
2	Zaheer
2	Y T
2	Y M
2	Y L
2	W D
2	W A
2	Vyvyan
2	Vivian
2	Viney
2	Vince
2	Vina
2	Vic
2	Vaughan
2	VC
2	V W
2	V H
2	Usha
2	Troy
2	Tobin
2	Titus
2	Tiffany
2	Theodora
2	Terrence
2	Tay
2	Tariq
2	Tahreem
2	Tabitha
2	T.J
2	T R
2	T P
2	T E
2	T D
2	Sylvie
2	Suzzanne
2	Suzette
2	Susan M
2	Susan J
2	Sunil
2	Stephen D
2	Steffen
2	Sonette
2	Siobain
2	Shona
2	Sheriden
2	Shereen
2	Sheralee
2	Shena
2	Shelpa
2	Sheldon
2	Shaw
2	Shaukat
2	Sharina
2	Shamim
2	Serge
2	Selina
2	Sebastian
2	Seb
2	Seana
2	Sarah-Jane
2	Saqub
2	Samina
2	Sallyanne
2	Sally-Anne
2	Sally-Ann
2	Sally Anne
2	Sallie
2	Sal
2	Saeeda
2	Saeed
2	Sabrina
2	Sabiha
2	S.
2	S T
2	Rupinder
2	Rukhsana
2	Rozalyn
2	Royston
2	Rowan
2	Rosina
2	Rosa
2	Robert Thomas
2	Robbie
2	Richard J
2	Richard B
2	Rhys
2	Renuka
2	Remus
2	Remmitance
2	Rani
2	Raja
2	Rae
2	R P
2	R L
2	R K
2	R I
2	R H
2	R F
2	Priscilla
2	Pj
2	Pierre
2	Phill
2	Petra
2	Pepe
2	Peggy
2	Pearl
2	Paul D
2	Patrina
2	Patrice
2	Parveen
2	Paramjit
2	PJ
2	P I
2	Oremi
2	Olwyn
2	O T
2	O J
2	Nitesh
2	Nik
2	Nicolette
2	Nickie
2	Neal
2	Nathaniel
2	Naseem
2	Nardeep
2	Nadeem
2	N W
2	N I
2	N H
2	N E
2	Myra
2	Muhammed
2	Morita
2	Morgan
2	Monique
2	Mitch
2	Miss
2	Misbah
2	Micheal
2	Merryl
2	Mercedes
2	Meg
2	Meena
2	Mat
2	Mary-Jane
2	Martin J
2	Martha
2	Marion Elizabeth
2	Marie-Claire
2	Mariam
2	Mari
2	Margy
2	Mardy
2	Manjit
2	Mairead
2	Mahrukh
2	Maggi
2	Magaret
2	Maeve
2	Madeline
2	Maddie
2	MJ
2	MICHAEL
2	MARGARET
2	M V
2	M K
2	M J K
2	M I
2	Lyndsay
2	Lyndon
2	Luci
2	Lois
2	Lianne
2	Lian
2	Lester
2	Leonore
2	Leona
2	Leila
2	Lana
2	Lamara
2	L V
2	L S
2	L P
2	L I
2	L H
2	Kylie
2	Krzysztof
2	Kristy
2	Kristian
2	Krista
2	Kit
2	Kirstine
2	Kirsteen
2	Kirk
2	Kimberely Jane
2	Khalid
2	Keri
2	Kelley
2	Kazia
2	Karon
2	Karima
2	Kara
2	K U
2	K S
2	K R
2	Julius
2	Julie Ann
2	Julie A
2	Juli
2	Jules
2	Judette
2	Jonny
2	Jolie
2	John R
2	Jody
2	Jodi and Caron
2	Jinnie
2	Jinna
2	Jess
2	Jemima
2	Jeannine
2	Jeanne
2	Jean-Paul
2	Jasmine
2	Jarlath
2	Jane Sara
2	Jane Elizabeth
2	Jane E
2	Jaki
2	Jaimie
2	JH
2	J.L
2	J.E
2	J T
2	J O
2	J I
2	J C N
2	Isabelle
2	Isabell
2	Ina
2	Imogen
2	Idrish
2	I S
2	I H
2	Honor
2	Hermione
2	Helen Mary
2	Head
2	Harvey
2	Hamish
2	Hameed
2	H P
2	H G
2	H E
2	Gwynne
2	Gwyneth
2	Glenice
2	Giovanni
2	Gillian Mary
2	Gil
2	Geralyn
2	Genevieve
2	Gael
2	GEOFFREY
2	G N
2	Franziska
2	Francois
2	Fiona Jane
2	Farhat
2	Farah
2	F J
2	F A
2	Eunice
2	Eugene
2	Emmanuel
2	Emlyn
2	Elspeth
2	Elliot
2	Ellenor
2	Elizabeth Anne
2	Elisa
2	Elias
2	Eli
2	Elena
2	Elen
2	Ela
2	Edith
2	E P
2	E D
2	Dylan
2	Duggie
2	Douglas Neil
2	Dorian
2	Doreen
2	Donald
2	Devon
2	Desmond
2	Denice
2	Dena
2	Debonair
2	Deanne
2	Deamonn
2	Dayle
2	Dawne
2	David Ian
2	David A
2	Darran
2	Daphne
2	Danuta
2	Damon
2	Daisy
2	Dai
2	Dafydd
2	D J B
2	D B
2	Curtis
2	Corisande
2	Corine
2	Conor
2	Con
2	Collette
2	Coert
2	Cliff
2	Claudia
2	Claudette
2	Chrstine
2	Christine Anne
2	Christabel
2	Chrissie
2	Chiquita
2	Charlene
2	Celine
2	Catrina
2	Catherine Jane
2	Cassandra
2	Carron
2	Carin
2	Carey
2	Carel
2	Cara
2	Candy
2	Calvin
2	CHRISTINE
2	C.
2	C T
2	C R
2	C C
2	Bronwen
2	Bridgette
2	Brendon
2	Bradley
2	Brad
2	Bilal
2	Beverlie
2	Beverley Maxine
2	Barney
2	Barbra
2	B S
2	B P
2	B F
2	Ayub
2	Avis
2	Ava
2	Askor
2	Asha
2	Ash
2	Asa
2	Arshad
2	Anya
2	Anton
2	Anthea
2	Annmarie
2	Annika
2	Anne E
2	Anne C
2	Annabelle
2	Angus
2	Andria
2	Andreya
2	Andre
2	Amrit
2	Amjad
2	Amina
2	Amie
2	Aly
2	Alvin
2	Allie
2	Allen
2	Alixena
2	Alisdair
2	Alis
2	Aliki
2	Alexia
2	Aj
2	Abid
2	AS
2	ANDREW
2	A V
2	A H
1	 Anne
1	steve
1	sean
1	p
1	nicola
1	lucy
1	louise
1	lauren
1	katherine
1	john
1	james
1	j
1	head
1	emma
1	christine
1	bridget
1	beth
1	anne
1	andrew
1	Zubair
1	Zoë
1	Zowie
1	Zobia
1	Ziz
1	Ziad S
1	Ziad
1	Zia Ul Mustafa
1	Zev
1	Zebunnisa
1	Zandra
1	Zahida
1	Zaheda
1	Yusif
1	Yukimi
1	Yomi
1	Yolande
1	Yolanda
1	Yochonon
1	Yitzchok
1	Yasir
1	Yashwant N
1	Yanina
1	Yana
1	Yalini
1	Yachonon
1	YUSUF
1	Y Y
1	Y D
1	Xavier
1	Wr
1	Wp
1	Winifred Mary
1	Winifred
1	Willie
1	Williams
1	William R
1	William John
1	William David
1	Whilhelm
1	Wesley
1	Wendy-May
1	Wenda
1	Wei Ling
1	Wataru
1	Wahid
1	WAYNE
1	WALTER
1	W.M
1	W T
1	W M A
1	W K
1	W J W
1	W H
1	W G S
1	W G
1	Vyveanne
1	Vyv
1	Vondra
1	Vivean
1	Vincent Thomas
1	Vicky Bates
1	Veronica M
1	Verna
1	Vereen
1	Veneeta
1	Veena
1	Vasoula
1	Vania
1	Vanessa June Hope
1	Van-Vliet
1	Van J
1	Valmai
1	Valerie Theresa
1	Valerie Margaret
1	Valena
1	Valda
1	VM
1	VIC
1	V W P
1	V S
1	V P
1	V M C
1	V M
1	V L R
1	V E M
1	V B
1	V A
1	Ute
1	Usman
1	Umesh
1	Uly
1	Ulric
1	Uani
1	Tw
1	Tunay
1	Tudor
1	Tuarah
1	Tsai
1	Trystan
1	Tristram
1	Tristan
1	Trisha
1	Trevor Stanley
1	Tressa
1	Trenica
1	Tracey Suzanne
1	Tracey Marie
1	Tracey L
1	Tonnie
1	Tonie
1	Tonia
1	Toni Elizabeth
1	Toni Clare Rochelle
1	Tomas
1	Tom Marsh
1	Tobias
1	Tineke
1	Tina Louise
1	Timothy Richard
1	Timothy James
1	Tim M
1	Thomas J C
1	Thomas Brendan
1	Thirza
1	Theresa M
1	Theresa Gaynor
1	Thelma
1	The
1	Tew
1	Tessa-Marie
1	Tesca
1	Terrance
1	Teresita
1	Terese
1	Terena
1	Temi
1	Tej
1	Teica
1	Teena
1	Ted
1	Teacher In Charge
1	Tauqir
1	Tasmin
1	Tash
1	Tarsem
1	Taranum
1	Taner
1	Tana
1	Tamsyn
1	Tamsen
1	Tammie
1	Talia
1	Taiwo
1	Taha
1	Tae
1	TIM
1	TESSA
1	T. M
1	T W
1	T H P
1	T G
1	T A C N
1	Sylvia R
1	Syeda Hamida
1	Sybilla
1	Suzanna
1	Suzan
1	Susy
1	Susi
1	Sushma
1	Susanna
1	Susan Pauline
1	Susan Mary
1	Susan Jennifer
1	Susan C
1	Susan B
1	Susan Anne
1	Susan A
1	Surjeet
1	Surinder
1	Sundrasen
1	Sunaina
1	Sumair
1	Sulaiman
1	Sukie
1	Suki
1	Sukhvinder
1	Sue E
1	Sue      Jeremy
1	Stuart Andrew
1	Stevie
1	Steven James
1	Stevan
1	Stephen William
1	Stephen Thomas
1	Stephen P
1	Stephen M
1	Stephan Jon
1	Steffan
1	Stanley
1	Sophina
1	Sophia
1	Sonya
1	Sonja
1	Someera
1	Sohelia
1	Sohela
1	Sofina
1	Soenke
1	Siân
1	SiÃ¢n
1	Sir Christopher
1	Sioux
1	Sionah
1	Siona
1	Simrit
1	Simon W
1	Simon Lee
1	Simeon
1	Showk
1	Shonogh
1	Shivaun
1	Shirmila
1	Shirleyann
1	Shirely
1	Shireen
1	Shiela
1	Shewley
1	Sheryll
1	Sherryl
1	Sherree
1	Sherlyn
1	Sheridan
1	Sheraz
1	Sheraine
1	Shelia
1	Shelah
1	Sheilagh
1	Sharon L
1	Sharifan
1	Shantelle
1	Shanie
1	Shani
1	Shanee
1	Shanaz
1	Shan
1	Shamsa
1	Shaminder
1	Shameen
1	Shally
1	Shalina
1	Shakira
1	Shakera
1	Shahnaz
1	Shahina
1	Shahid Umanie
1	Shaheen
1	Shaela
1	Shadeh
1	Shabnam
1	Shabir
1	Shabana
1	Sf
1	Seyed Abbas
1	Seung Jin
1	Seun
1	Serge E
1	Selena
1	Sejal
1	Sebastien
1	Se
1	Schelene
1	Sayed Shakil
1	Satnam
1	Satjinder Kaur
1	Satjinder
1	Satadru
1	Sashi
1	Sash
1	Sarojini
1	Sarbdip
1	Sarahjane
1	SarahJane
1	Sarah-Marie
1	Sarah-Louise
1	Sarah Pritchard
1	Sarah Louise
1	Sarah L
1	Sarah Jane
1	Sarah J
1	Sarah Elizabeth
1	Sarah Diane
1	Sarah Clements
1	Sarah Ann
1	Sara Louise
1	Sara Joanne
1	Sara Jane
1	Sandra June
1	Sandra J
1	Sanchia
1	Samson
1	Sammy
1	Samira
1	Samin
1	Sami
1	Samantha Jayne
1	Samanda
1	Samaira
1	Salman Ahmed
1	Salma
1	Sally May
1	Sally Elizabeth
1	Salah
1	Sakhawat
1	Saima
1	Saidah
1	Safia
1	Sadyah
1	Sadaf
1	Sabine
1	Sa
1	SUZANNE
1	SUE
1	SARA
1	SANDRA
1	S. G
1	S. C
1	S. A
1	S-A
1	S Y
1	S W T
1	S W E
1	S W
1	S V
1	S T P
1	S T A
1	S N
1	S M T
1	S M G
1	S J B
1	S H L
1	S G C
1	S G B
1	S B M
1	S & R
1	Rutinderjit
1	Ruth Mary
1	Russyn
1	Russell G
1	Russel
1	Ruslan
1	Rupe
1	Rupa
1	Rudy
1	Ruby B
1	Rubina
1	Roxy
1	Roxanne
1	Roxanna
1	Rowley
1	Rowland
1	Roulla
1	Rouane
1	Rosy
1	Rossanna
1	Roslin
1	Rosisin
1	Roshan
1	Rosetta
1	Roselle
1	Roseleen
1	Rose-Marie
1	Rosanna
1	Rosamund
1	Rosalyne
1	Rosalynd
1	Rosalie
1	Rosa-Maria
1	Rory
1	Rookshana
1	Ronnie
1	Romy
1	Romina
1	Roma
1	Roly
1	Rohit
1	Roger A
1	Roddy
1	Robina
1	Robert W
1	Robert D
1	Robert Charles
1	Robert Adrian
1	Roanne
1	Ro
1	Rizwana
1	Rizvana
1	Rizelle
1	Ritu
1	Rimah
1	Rikke
1	Rik
1	Rifky
1	Riffat
1	Rifat
1	Ricky
1	Richrd
1	Richard IAnson - Pre/Primary
1	Richard G
1	Riannon
1	Riana
1	Rian
1	Rhoda Elizabeth
1	Rezaul
1	Resham
1	Rennie
1	Rena
1	Remley
1	Remi
1	Relph
1	Reema
1	Rechelle
1	Rebeckah
1	Razina
1	Razia
1	Raymond William
1	Raymond Victor
1	Rashta
1	Rashika
1	Rashid
1	Rasa
1	Raphael
1	Randall
1	Raminder Singh
1	Raminder
1	Ralph Douglas
1	Raliat
1	Rakha
1	Raj
1	Raitzel
1	Raegan N
1	Rachelle
1	Rachel Marie
1	Rachel Jayne
1	Rachel Clare
1	Rach /Kim
1	Rabia
1	ROSEMARY
1	RK
1	R W R
1	R V
1	R S E
1	R Q
1	R P B
1	R O
1	R N S
1	R M A
1	R J S
1	R F S
1	R F G
1	R E S
1	R E C
1	Quintin
1	Quentin
1	Q R
1	Q
1	Prue
1	Priya
1	Pritpal
1	Pola
1	Pius
1	Piers Francis
1	Pia
1	Phillipa Anne
1	Philip Walter
1	Philip James
1	Philip J G
1	Philip B
1	Petr
1	Peter Timothy
1	Peter James
1	Peter J
1	Peter A
1	Pesach Akiva
1	Perry
1	Pernilla
1	Perina
1	Perdy
1	Perdita
1	Perdip
1	Penelope Louise
1	Peg
1	Pd
1	Paulo
1	Pauline B
1	Paul William
1	Paul G
1	Pattrick
1	Patsie
1	Patrrick
1	Patricia McLellan
1	Patricia A
1	Pat & Jimmy
1	Pascale
1	Pascal
1	Parv
1	Parmjeet
1	Parm
1	Paola
1	Pansy
1	Panna
1	Pank
1	Pana
1	Pali
1	Paddy
1	Paa-King
1	Pa
1	PR
1	PAUL
1	PATRICIA
1	P.J
1	P.C.G
1	P. J.
1	P R F
1	P N
1	P M D
1	P J R
1	P J P
1	P J F
1	P G S
1	P G M
1	P D L
1	Owen R
1	Owain
1	Othman
1	Oshunbunmi
1	Orlene
1	Orlando
1	Oriana
1	Oona
1	Oluremi
1	Olufemi
1	Olly
1	Olivia S.
1	Oli
1	Oladotun
1	Oksana
1	Odran
1	O W
1	O M
1	Nysrene
1	Nyree
1	Null
1	Norelle
1	Nomsa
1	Nojarul
1	Noemi
1	Noeman
1	Nkechi
1	Nitsa
1	Nirmal
1	Nina I
1	Nin
1	Nilofer
1	Nikos
1	Niela
1	Nicole Elizabeth
1	Nicole Angela
1	Nicola`
1	Nicola Lisa
1	Nicola J
1	Nicola Helen
1	Nicholas J
1	Nichola Tracey
1	Nicci
1	Niamh
1	Nevin
1	Neville David
1	Nest
1	Ness
1	Nerissa
1	Nell
1	Neil Wainwright
1	Neil A
1	Neela
1	Nazbin
1	Nawal
1	Navdeep
1	Nav
1	Nathanael
1	Nasrin
1	Nasra P
1	Nasira
1	Nasir
1	Nance
1	Naima
1	Naheeda
1	Nadia
1	Nada
1	Nabil
1	NJ
1	NICK
1	N.R
1	N.G
1	N S
1	N R
1	N P
1	N O
1	N Marie
1	N K
1	N H F
1	Mylene
1	Mya
1	Mutiullah
1	Mustafaa
1	Muserith
1	Murray
1	Mungo
1	Muhilan
1	Muhammad Sadek
1	Muhammad Hasan
1	Mufti Mohammed
1	Ms
1	Mrs Jane Barker-Doe
1	Mrs Deborah
1	Mrs Aneela Masood and
1	Mr Suhayl
1	Mr P Sadler
1	Mr Kevin
1	Mr John Bagust (Primary)
1	Mr J
1	Mr Ian Stamp (Sec)
1	Mr Callum
1	Mr & Mrs
1	Mpande
1	Moulana Muhammad Abdul
1	Moulana
1	Moshe
1	Morwenna
1	Morven
1	Morris
1	Moria
1	Montse
1	Mona
1	Molly
1	Mollie
1	Mohamed Bilal
1	Mohamed Ali
1	Mogg
1	Mju
1	Mitzi
1	Miss J Plumtree
1	Mirza
1	Miroslaw
1	Miron
1	Mireille
1	Minnie
1	Mindy
1	Millan
1	Milan
1	Mickey
1	Michle
1	Michiel
1	Michelle Susan
1	Michelle Kay
1	Micheala
1	Michael William
1	Michael Martin
1	Michael Lawrence
1	Michael K
1	Michael Joseph
1	Michael J
1	Michael H
1	Michael David
1	Micah
1	Mian M
1	Mervyn
1	Merv
1	Merja
1	Merinda
1	Meredydd
1	Meredith
1	Mercy
1	Melsa
1	Melonie
1	Melodie
1	Mellissa
1	Mell
1	Melisha
1	Melindar
1	Melinda
1	Melany Jane
1	Melany
1	Melaine
1	Meghan
1	Meera
1	May
1	Maxine G
1	Maureen E
1	Matthew James
1	Matthew J
1	Massimo
1	Mary-Nest
1	Mary-Jo
1	Mary Virginia
1	Mary Jo
1	Mary E
1	Mary Claire
1	Mary Ann
1	Mary A
1	Marva
1	Martyn A
1	Marlyn
1	Mark Timothy
1	Mark Stephen
1	Mark M
1	Mark J
1	Mark David
1	Mark Anthony
1	Marj
1	Marius
1	Marissa
1	Maris
1	Mario
1	Marilyn F
1	Marijke
1	Marigold
1	Maria-Anne
1	Margrett
1	Margret
1	Margie
1	Margery
1	Margaret Meg
1	Margaret Lynn
1	Margaret Anne
1	Margaret Ann
1	Maressa
1	Marek
1	Marea
1	Marco
1	Marcelo
1	Marais
1	Manuzah
1	Manjit K
1	Maneer
1	Manda
1	Malcolm Jeremy
1	Malcolm D
1	Makeda
1	Mair
1	Mahnaz
1	Maha
1	Mags
1	Magnus
1	Magali
1	Madhavi
1	Maddy
1	Machaela
1	ML
1	MICHAELA
1	MEG
1	MAXINE
1	M.E.
1	M.D
1	M.A
1	M. P.
1	M. J
1	M. Francois-Xavier
1	M S A
1	M P C
1	M O M
1	M O
1	M M W
1	M M L
1	M J S
1	M J B
1	M H A
1	M E W
1	M A R Collier
1	M A K
1	M A C
1	Lysa
1	Lynton
1	Lynnsey
1	Lynne Mena
1	Lynda Dalkin &
1	Lydia
1	Ly
1	Lulu
1	Luigi
1	Ludmila
1	Lubna
1	Loz
1	Lowell
1	Lousia
1	Louise J
1	Louise Claire
1	Louise Anne
1	Louise Ann
1	Louis
1	Lorretta
1	Lorrainne Jean
1	Loretta M
1	Lizbeth Janine
1	Livvy
1	Lissa
1	Lisa F
1	Lisa Ann
1	Lisa / Lin
1	Lionel
1	Linzi
1	Linnia
1	Lindiwe
1	Lindi
1	Linda-May
1	Linda-Maria
1	Linda W
1	Linda Noreen
1	Linda M
1	Linda J H
1	Linda A
1	Lily
1	Lillian
1	Liesl
1	Liane
1	Lia
1	Li-Juan
1	Leyton
1	Lewis
1	Leslie David
1	Lesley Jane
1	Leroy
1	Leonora
1	Leone
1	Leonard
1	Lenia
1	Lella
1	Lelia
1	Leif
1	Lehla
1	Leesa
1	Lee-Ann
1	Lee J
1	Lea
1	Laurie-Ann
1	Laureen
1	Lascelles
1	Larry
1	Larissa
1	Laraine
1	Lance
1	Lana-Lea
1	Lalli
1	Lady Maria
1	LYNNE
1	LOUISE
1	LN
1	LISA
1	LINDA
1	L.A.
1	L T
1	L N
1	L K
1	L G
1	L David
1	Kyrsty
1	Kyrstie
1	Kyra
1	Kusum
1	Kulwant
1	Kulvinder
1	Kulvarn
1	Kully
1	Kuljit
1	Kuldip
1	Kudsia
1	Kt
1	Krystyna
1	Krys
1	Kristine
1	Krishna
1	Kostek J
1	Kitty
1	Kishwar
1	Kirtsen
1	Kirstie-Anne
1	Kirstey
1	Kirit
1	Kinga
1	Kiks
1	Kiity
1	Kicha
1	Khaleda
1	Khadiza
1	Kevin/Joanne
1	Kevin John
1	Kevin G
1	Kevin F
1	Keven
1	Kerry-Louise
1	Kerry-Ann
1	Kerry Lee
1	Kerry Cunningham
1	Kerry Amanda
1	Kerenza
1	Keran
1	Kenny
1	Kendrick
1	Kendra
1	Kendall
1	Kellie
1	Kel
1	Keith David
1	Keith B
1	Keira
1	Keily
1	Keely
1	Keeley
1	Kay Elizabeth
1	Kathryn E
1	Kathleen M
1	Kathleen Jane
1	Kathie
1	Kate A
1	Katarzyna
1	Katarine
1	Karys
1	Karren
1	Karole
1	Karol
1	Karlene
1	Karlaine
1	Karla
1	Karim
1	Karen Lesley
1	Karen L
1	Karen Kearns (Primary)
1	Karen Diana
1	Karen Dawn
1	Karen Anne
1	Karen Ann
1	Kaneez
1	Kamini
1	Kamille
1	Kamaljeet
1	Kamal
1	Kalsom
1	Kairen
1	Ka
1	KJ
1	KEVIN
1	KATHRYN
1	KATE
1	KAREN
1	K.M
1	K.A
1	K. S
1	K W
1	K V
1	K R B
1	K P J
1	K P
1	K G
1	K F G
1	K C
1	Jyotsna
1	Jv
1	Juwairiah
1	Junichi
1	Julieanne
1	Julie Karen
1	Julie Bernedette
1	Julianne
1	Julianna
1	Juliana
1	Julian Gabriel
1	Judy M
1	Judith Skelton/ Clare Edmond
1	Judi
1	Juanita
1	Js
1	Joy M
1	Joss
1	Jose
1	Jos
1	Jordan
1	Jonothan
1	Jona
1	Jolanda
1	Joint Head Joe Sparks and Richard Allen
1	Johnny
1	Johnathon
1	John ap Robert
1	John V
1	John Ross
1	John Richard
1	John Marshall
1	John M
1	John Gerard
1	John David
1	John Ap R
1	John Anthony
1	John Albert
1	John Alan
1	John A G
1	John A
1	John (Tony)
1	Johanne
1	Johann
1	Johan
1	Joffy
1	Jodi
1	Jocelyn
1	Joanne S
1	Joanne M
1	Joanne L
1	Joanna Mary
1	Joanna Elizabeth
1	Jo J
1	Jillian Claire
1	Jill Martin and
1	Jill Catherine
1	Jez
1	Jevon
1	Jette
1	Jessica and Sue
1	Jerome
1	Jermy
1	Jeremy Pentreath
1	Jeremy Huw
1	Jenny H
1	Jennifer B
1	Jennie Littleboy
1	Jenn
1	Jenifer Elizabeth
1	Jenifer
1	Jeni
1	Jenette
1	Jenefer
1	Jem
1	Jeffery
1	Jeanette L
1	Jean C
1	Jcs
1	Jc
1	Jaz
1	Jayn
1	Javid
1	Jaswinder
1	Jassa
1	Jaskawaljeet
1	Jas
1	Jaquie
1	Jannice
1	Jannette
1	Jannet
1	Janita
1	Janie
1	Janice Gay
1	Janet Wynne
1	Janet Anne
1	Jane-Belinda
1	Jane K
1	Jane C
1	Jane Bennett
1	Jane Astrid
1	Janak
1	Jan-Robert
1	Jamila
1	Jamil
1	James Vincent
1	James Emerson
1	James D
1	Jalil
1	Jaime
1	Jagdeep
1	Jadwiga
1	Jade
1	Jacques
1	Jacqueline Susan
1	Jacqueline Mary Rose
1	Jacqueline Mary
1	Jacqualine
1	Jacobus
1	Jacob
1	Jackii
1	Jacinta
1	Jaap
1	JW
1	JS
1	JOHNETTE
1	JO
1	JJ
1	JANE
1	JACK
1	JA
1	J.S
1	J.P
1	J.H
1	J.B
1	J. N
1	J.
1	J S Z
1	J R G
1	J P R
1	J P M
1	J G H
1	J F J
1	J E M
1	J E A
1	J D S
1	J A F
1	J & L
1	Izhar
1	Iwan
1	Ivor L
1	Italo
1	Iris
1	Irfan
1	Inigo
1	Ingrid A
1	Inger
1	Inge
1	Inez
1	Increase
1	Imelda
1	Ilona
1	Iffat
1	Ida
1	Ibrahim
1	Iannis
1	Ian Richardson
1	Ian H
1	Ian D
1	Iain Mitchell
1	IAN DOUGLAS
1	I T
1	I R
1	I J
1	I G
1	Huxley
1	Hussein
1	Hussain
1	Hugh John
1	Hugh Dansey
1	Horace
1	Hoosen
1	Honoria
1	Holley
1	Himisha
1	Hillary
1	Hilary Mary
1	Hilary C
1	Hester
1	Henry
1	Henrik
1	Hellen
1	Helen T
1	Helen R
1	Helen Mary Rosenfeld
1	Helen M
1	Helen Lucy
1	Helen Katrina
1	Helen Jane
1	Helen Elizabeth
1	Helen Craig
1	Heike
1	Heidi Jayne
1	Heather J
1	Heather A
1	Heath
1	Haz
1	Haydon
1	Hayden
1	Havard
1	Hatim
1	Hasina
1	Hashim
1	Harsha
1	Haroon
1	Harold
1	Harmander
1	Harjinder
1	Harinder
1	Hardeep
1	Hans
1	Hanne
1	Hanif
1	Hania
1	Hammad
1	Hameed Shaiju
1	Halina
1	Halden
1	Hakan
1	HUMUANI
1	HELEN
1	H V
1	H R
1	H L E
1	H K
1	H H
1	H F
1	H C
1	Gwennan
1	Gwenda
1	Guy R
1	Gurmit
1	Gurjit
1	Gurdip
1	Gundela
1	Gulcin
1	Gulam Abbas
1	Guiseppe
1	Gugsy
1	Gudrun
1	Grishma
1	Gretl
1	Greta
1	Grenville
1	Gren
1	Gregory L
1	Gregg
1	Granville
1	Gordon H
1	Gloria
1	Gladys
1	Gita
1	Giselle
1	Gisele
1	Giovanna
1	Ginni
1	Ginnette
1	Gillie
1	Gillian M
1	Gillian Elizabeth
1	Gilian
1	Ghazala
1	Gez
1	Ges
1	Gerri
1	Gerrard
1	Geri
1	Gerardine
1	Gerard T
1	Geraldine M H
1	Georgie
1	Georgiana
1	Georgette
1	Geof
1	Gentian
1	Gene
1	Gee
1	Gavin Charles
1	Gary Mark
1	Gary L
1	Garrie-John
1	Garret
1	Garfield
1	Gareth R.A
1	Galiema
1	Gale
1	Gaby
1	Gabriella
1	Gabriel
1	Gabor
1	Gabe
1	GRANT
1	GRAHAM
1	GLENN
1	GILL
1	GAIL
1	G. P
1	G and P
1	G S
1	G R T
1	G M W
1	G K
1	G H
1	G G
1	G C
1	G B
1	Fyfe
1	Fuzel
1	Frieda
1	Fridda
1	Fredricka
1	Frederick
1	Freddie
1	Francine
1	Francie
1	Frances Saunders
1	Frances Emma
1	Frances Barbara
1	Fozia
1	Fouzia
1	Folake
1	Flora
1	Fleur
1	Firdos
1	Fionuala
1	Fionnuala
1	Fiona J
1	Finnuala
1	Finlay
1	Filmah
1	Filiz
1	Figen
1	Fi
1	Fey
1	Feroz
1	Fenella
1	Felicity Jane
1	Felicia
1	Farzana
1	Fanoula
1	Fahim Ismail
1	Fa
1	F W
1	F S
1	F R
1	F P
1	F L
1	F D
1	F  G
1	Ewart
1	Everton
1	Evelyne
1	Ev
1	Eugeina
1	Eudora
1	Etienne
1	Esther R
1	Esme
1	Ernie
1	Ernest
1	Eric R
1	Eric L
1	Erawin
1	Enid
1	Ena
1	Emyr
1	Emma-Kate
1	Emma-Jane
1	Emma Maria
1	Emlin
1	Em
1	Elma
1	Elly
1	Elizabeth Scott
1	Elizabeth Louise
1	Elizabeth Ann
1	Elise
1	Eliot
1	Eleri
1	Eleesa
1	Eleanore
1	Elayne
1	Elaine Elizabeth
1	Elaine D
1	Ekie
1	Eithna
1	Eirian
1	Eilizabeth
1	Eilis
1	Eilidh
1	Eelin
1	Edy
1	Edwina
1	Edwin
1	Edward Joseph
1	Edward J
1	Edmund
1	Edlene
1	Edison
1	Edel
1	Ec
1	Eamonn
1	Eamon
1	ELEANOR
1	E.M
1	E-Bulletin
1	E S C
1	E S
1	E R J
1	E R
1	E N
1	E Lesley
1	E Anne
1	Dyl
1	Drummond
1	Dru
1	Dougal
1	Doug Stroud
1	Dot
1	Dorrie
1	Dorothy Elizabeth
1	Dorothea
1	Dorota
1	Dorinda
1	Dorina
1	Doretta
1	Dorcas
1	Donna-Marie
1	Donna Elizabeth
1	Donal
1	Donagh
1	Dominique
1	Domenico
1	Dom
1	Dolly
1	Doda
1	Dj
1	Dixon
1	Dina
1	Dimitra
1	Dilys
1	Diggory
1	Dieter
1	Diane Marie
1	Diane Lesley
1	Diane June
1	Diane Helen
1	Dhruv
1	Dewi
1	Desiree Lodge
1	Desiree
1	Desire
1	Desi
1	Derryth
1	Derren
1	Derk
1	Dereck
1	Delroy
1	Delphine
1	Decima Shamona
1	Deby
1	Debrah
1	Debra Kay
1	Debra Claire
1	Debbie J
1	Dean Pomeroy
1	Dawnbelinda
1	Dawn Cheryl
1	Dawayne
1	Davie
1	David William Daniel
1	David Paul
1	David James
1	David E J J
1	David C
1	David Andrew
1	David A S
1	Daulton
1	Daryll
1	Darron
1	Darrell
1	Daren
1	Dara
1	Danvir
1	Danmore
1	Daniel R. G
1	Daniel Jon
1	Dani
1	Damiana
1	Dame Nicola
1	DOMINIC
1	DG
1	DESMOND
1	DEL
1	DAVID
1	DARREN
1	D.T
1	D.M
1	D Y
1	D V
1	D Kim
1	D J M
1	D E M
1	D E G
1	D  Jane
1	Céranne
1	Cs
1	Crv
1	Cristina
1	Crispian
1	Cressida
1	Craige
1	Courtney
1	Courtenay
1	Cortina
1	Corron
1	Corrine L
1	Corrine
1	Corrina
1	Corrienne
1	Cornelius
1	Corina
1	Corin
1	Coreen R
1	Cor
1	Connie
1	Connel
1	Conal Patrick
1	Conal
1	Con A
1	Colm
1	Collettte
1	College of
1	Colleen M
1	Colleen L
1	Colin C
1	Cole
1	Clive Idris
1	Clinton
1	Clifford
1	Clem
1	Clarissa
1	Clare-Marie
1	Clare Pamela
1	Clare Noelle
1	Clare Louise
1	Clare Allen
1	Claire-Marie
1	Claire Traynor
1	Claire Pickard and
1	Claire Louise
1	Claire Ann
1	Cjd
1	Ciro
1	Ciran
1	Cieran
1	Ciaran
1	Ciara
1	Chrsitopher
1	Christy
1	Christos
1	Christopher Charles
1	Christopher B
1	Christobel
1	Christine Mary
1	Christine M
1	Christina Lesley
1	Christalla
1	Christabelle
1	Chrissy
1	Chloe
1	Chinye
1	Chilton
1	Cheryl R
1	Cheryl Anne
1	Cherry Ann
1	Chelsea
1	Chay
1	Chasey
1	Charlotte Hannah
1	Charles Peter
1	Charles Alan
1	Charis
1	Chanan
1	Ceridwen
1	Ceranne
1	Ced
1	Cecily
1	Cathryn Helen
1	Cathryn Ann
1	Cathlyn
1	Catherine-Elizabeth
1	Catherine Mary
1	Catherine Louise
1	Catherine L
1	Catherine Emma
1	Catherine A
1	Cassim
1	Cassie
1	Cas
1	Cary
1	Carolyn Mary
1	Carole Lesley
1	Carola
1	Carol-Ann
1	Carol Margaret
1	Carol Ann Mary
1	Carol Ann
1	Carol - Anne
1	Carnett
1	Carmen
1	Carlton
1	Carlotta
1	Carlo
1	Carleen
1	Carl A
1	Carina
1	Cari (Caroline)
1	Candice
1	Campbell
1	Camila
1	Cal
1	Caitriona
1	Caitlin
1	Cait
1	COURTNEY
1	CLAIRE
1	CHRISTOPHER
1	CHRIS
1	CAROLINE
1	C.J
1	C.I.C
1	C.E.
1	C.A
1	C. M
1	C. E K
1	C. E F
1	C.  L
1	C Y
1	C W M
1	C St J
1	C S S
1	C R L
1	C P P
1	C P N
1	C N
1	C L S
1	C J R
1	C J M
1	C J A
1	C I
1	C F
1	C E
1	C B
1	C A T
1	C A H
1	C A E
1	Byron
1	Burnet M
1	Bryony
1	Bryonny
1	Brynley
1	Bryn
1	Bryce
1	Bruce C.W
1	Bronagh
1	Bromley
1	Brigitte
1	Briege
1	Bridie
1	Bridget`
1	Bridget A
1	Brett Omalley
1	Bressni
1	Breffni
1	Breda
1	Branwen
1	Bozena
1	Bowie
1	Boo
1	Bonnie
1	Bola
1	Bobbie
1	Blair
1	Binyomin
1	Binks
1	Bina
1	Billie-Ann
1	Bhupinder
1	Bex
1	Beverley Jane
1	Beverley Ann
1	Beulah
1	Betsan R
1	Bethany
1	Bessa
1	Beryce
1	Berveley
1	Berry
1	Bernne
1	Bernedette
1	Beri
1	Bennet
1	Benna
1	Benedict
1	Bene
1	Belynda
1	Bella
1	Bee
1	Bec
1	Beatrix
1	Bavaani
1	Basit
1	Basia
1	Barry Walter Thomas
1	Barry S
1	Barrie
1	Banjo
1	Baljinder
1	Bal
1	Babs
1	Ba
1	BEVERLEY
1	B. P
1	B V R
1	B T
1	B N
1	B M A
1	B K
1	B I
1	B G
1	B E B
1	B D
1	B B
1	B A M
1	B A H
1	Azra
1	Azita
1	Ayse
1	Aydin
1	Awen
1	Austin
1	Austen
1	Auriol
1	Auriel
1	Athy
1	Ataullah
1	Assim
1	Assal
1	Asma
1	Asiyah
1	Asif
1	Ashok
1	Ashlie
1	Ashley J
1	Asarena Roveda
1	Arwel
1	Aron
1	Arno Steen
1	Armela
1	Arjinder Singh
1	Arina
1	Ar
1	Apointment
1	Anupe
1	Antus
1	Antonio-Munoz
1	Antonio
1	Antonella
1	Anthony Julian
1	Annetta
1	Annemari
1	Annelore
1	Anneka
1	AnneMarie
1	Anne-marie
1	Anne-Louise
1	Anne- Marie
1	Anne Sylvia
1	Anne Mary
1	Anne Elizabeth
1	Annamaria
1	Annalise
1	Annalisa
1	Anna Marie
1	Anna & Paula
1	Ann-Maire
1	Ann Lesley
1	Ann Leigh
1	Ann Christine
1	Ann Cameron
1	Ann Alice
1	Anji
1	Anjali
1	Ani
1	Angi
1	Angharv
1	Anghara
1	Angelo
1	Angelina
1	Angeli
1	Angela M
1	Angela Lillian
1	Anette
1	Aneesa
1	Andrew Steven
1	Andrew Stanley
1	Andrew Richard
1	Andrew M
1	Andrew Jonathan
1	Andrew John
1	Andrew J
1	Andrew H
1	Andrew G
1	Andrew D
1	Andrew C
1	Andrew Barry
1	Andrena
1	Andrea E
1	Andrea Abeyesinghe
1	Andi
1	Andew Lessels
1	Anayath
1	Anas
1	Anand
1	Ana
1	Amzad
1	Amy Elizabeth
1	Amna
1	Aminur
1	Amena
1	Amber
1	Amarjeet
1	Amanda Jane
1	Am
1	Alyssa
1	Alyn
1	Alwyn
1	Alva
1	Alsion
1	Almut
1	Almas
1	Alma
1	Allison V
1	Allena
1	Allan D
1	Alix
1	Alison Tugwell
1	Alison Jayne
1	Alison Jane
1	Alison J
1	Alison E
1	Alina
1	Alida
1	Alfreda
1	Alexena
1	Alexa
1	Alesa
1	Aleksandra
1	Aleksander
1	Albert
1	Alastair Samuel
1	Alana
1	Alan Stephen
1	Alan Paul
1	Akin-Tayo
1	Aishah
1	Aisha
1	Aine
1	Aimee
1	Ailina
1	Aileen Overton
1	Aiden
1	Ahson
1	Ahmed Abdul Hai
1	Agnes
1	Afj
1	Aelred
1	Ae
1	Adm
1	Adia
1	Adanma
1	Ad
1	Ac
1	Abra
1	Abigale
1	Abide
1	Abi
1	Abeer
1	Abdulhadi
1	Abdul-Hayee
1	Abdul Qadeer
1	Abdul Huy
1	Abdul Gafoor
1	Abdisamed
1	ASHID
1	ANTHONY
1	ANNE-MARIE
1	ANN-MARIE
1	AM
1	ABDELHAFID
1	A.S
1	A.M
1	A.C
1	A. W
1	A. Sylvia
1	A.
1	A R W
1	A N
1	A Mary
1	A M J
1	A M G
1	A M B
1	A J W
1	A J P
1	A J C
1	A I
1	A G T
1	A G S
1	A Duncan
1	A D J
1	A C L
1	A B D
