35164	Headteacher
3442	
1833	Principal
769	Executive Headteacher
634	Head Teacher
579	Acting Headteacher
300	Head of School
201	Headmaster
146	Executive Principal
85	Interim Headteacher
78	Head
70	Executive Head Teacher
59	Headmistress
51	Head teacher
45	Acting Principal
37	Executive Head
33	Head of Centre
32	Head of Education
24	Associate Headteacher
22	Head of Academy
22	Head Master
21	Co-Headteacher
20	Interim Principal
20	Acting Head Teacher
17	Teacher In Charge
16	Vice-Chancellor
15	Chief Executive
15	Acting Executive Headteacher
14	Principal & Chief Executive
14	HeadTeacher
13	Principle
13	Headteacher (Acting)
13	Director
11	Interim Executive Headteacher
11	Associate Principal
11	Acting Head
10	Principal Designate
10	Director of Education
9	Principal and Chief Executive
9	Acting
8	Acting Head of School
7	Federation Headteacher
7	Chief Executive Officer
7	Centre Manager
6	Manager
6	Head of Teaching and Learning
6	Head of Service
6	Head of College
6	Co Headteacher
6	Academy Principal
5	Senior Teacher
5	Headteachers
4	Vice Chancellor
4	Joint Headteachers
4	Interim Head Teacher
4	Head of Learning
4	Consultant Headteacher
4	Co-Principal
3	Proprietor
3	Principal & Ceo
3	Joint Headteacher
3	Head of Unit
3	Head of Federation
3	Head Sebd
3	Deputy Headteacher
3	Coordinator
3	CEO
3	Assistant Head Teacher
3	Academy Headteacher
2	Warden
2	Service Manager
2	Senior Head of Centre
2	School Principal
2	School Director
2	Principal/Chief Executive
2	Principal and Ceo
2	Principal & Chief Exec
2	Partnership Headteacher
2	Operations Manager
2	Mr
2	Master
2	Locum Headteacher
2	Interim Ht
2	Interim Head of School
2	High Master
2	Headteacher From Jan 07
2	Headteacher (Interim)
2	Head of Senior School
2	Head Teacher Designate
2	Head Short Stay School
2	Head Of Centre
2	Federation Principal
2	Executive
2	Education Manager
2	Education Co-Ordinator
2	Director of Services
2	Director of Learning
2	Deputy Principal
2	Coheadteachers
2	Co-Headteachers
2	Chief Executive & Principal
2	Ceo
2	Associate Head
2	Area Head
2	Acting-Headteacher
2	Acting Exec Headteacher
2	Acting Co-Headteacher
2	A/Headteacher
2	(Acting) Headteacher
1	Zone Manager
1	Virtual Head Teacher
1	Vice Principal
1	Vice Chancellor and Chief Executive Officer
1	Vice Chancellor and Chief Executive
1	Trust Principal
1	The Master
1	Tef Principal
1	Teacher-In-Charge
1	Teacher in Charge
1	Teacher and Learning Manager
1	Teacher Co-Ordinator
1	Strategic Lead
1	Srategic Head
1	Service Director
1	Senior Principal
1	Senior Deputy Headteacher
1	School Manager
1	School Leader
1	School Administrator
1	Registered Person
1	Region Head of Education
1	Project Manager
1	Professor
1	Prinicpal
1	Prinicipal
1	Principal/Ceo
1	Principal of School
1	Principal and CEO
1	Principal Teacher
1	Principal Head
1	Principal / Chief Executive
1	Principal (Interim)
1	Principal &Amp; Chief Executive
1	Principal & Head of Secondary
1	Primary Principal
1	Primary Executive Principal
1	Prijncipal
1	Pricipal
1	Pincipal
1	Partnership Manager
1	Partner Headteacher
1	Operational Headteacher
1	Operational Head Teacher
1	Officer In Charge
1	Ms
1	Mr Griffiths
1	Managing Director - Educating and Training
1	Managing Director
1	Management
1	Learning & Skills
1	Lead Tutor
1	Lead Principal
1	KS4 Engagement Manager
1	Joint Head Teacher
1	Joint Acting Headteachers
1	Interim Strategic Lead for Alternative Provision
1	Interim Partnership Headteacher
1	Interim Leader
1	Interim Joint Headteachers
1	Interim Head of Centre
1	Interim Head
1	Interim Executive Head
1	Interim Exec Headteacher
1	Interim  Principal
1	Infant Headteacher
1	Hospital Education Mgr
1	Hhts County Manager
1	Headteacherprus
1	Headteacher/Head of Centre
1	Headteacher/ National Leader of Education
1	Headteacher-Headof Centre
1	Headteacher, Npqh
1	Headteacher EOTAS
1	Headteacher Designate
1	Headteacher Acting
1	Headteacher (Jobshare)
1	Heads of School
1	Head of Yaf
1	Head of Thornton College
1	Head of Teaching & Learning
1	Head of Special Services
1	Head of Sixth Form
1	Head of Short Stay School
1	Head of School and College
1	Head of Provision
1	Head of Primary Provision
1	Head of Nursery
1	Head of Lincroft School
1	Head of Learners Out of S
1	Head of Juniors
1	Head of Inclusion/Access
1	Head of Foundation School
1	Head of Education for Young Foundations
1	Head of Coleridge
1	Head of Behaviour
1	Head of Alternative Provision
1	Head of Adult Education
1	Head Techer
1	Head Teadcher
1	Head Teacher/Head of Centre
1	Head Teacher Interim
1	Head Pupil Referral Unit
1	Head Mistress
1	Head Learner
1	General Manager
1	General Director
1	Gceo
1	Gallagher
1	Founder/Managing Director
1	Federation Strategic Leader
1	Eyfs Leader
1	Exexutive Headteacher
1	Exexcutive Headteacher
1	Executuve Director
1	Executive Prinicpal
1	Executive Principle
1	Executive Principal/Head
1	Executive Princilap
1	Executive Headteacher/Ceo
1	Executive Headmistress
1	Executive Headmaster
1	Executive Head of School
1	Executive Head of Centre
1	Executive Head Teachers
1	Executive Director
1	Executive  Headteacher
1	Exectutive Head
1	Exective Principal
1	Exec Headteacher
1	Excutive Principal
1	Excutive Headteacher
1	Exceutive Headteacher
1	Ex Principal
1	Education Principal
1	Education Manager - Care 4 Children
1	Education Director
1	Education Centre Headteacher
1	Dr
1	District Manager
1	Director of Operations
1	Director of Education and School Proprietor
1	Director of Education and Care Services
1	Director Of14-19 Learning
1	Development Manager
1	Deputy Education Manager
1	Dean of Students and Director
1	Curriculum Lead
1	County Headteacher
1	Consultant Principal
1	Consultant Head Teacher
1	College of Teachers
1	College Principal
1	Co-ordinator
1	Co-Interim Principal
1	Co-Headtachers
1	Co-Heads
1	Co-Head of School
1	Co-Head Teacher, Wsx Alternative Provision College
1	Co-Head Teacher
1	Co-Head
1	Co Principal
1	Co Headteachers
1	Co Headship
1	Co Head Teacher
1	Co Acting Headteacher
1	Co - Headteacher
1	Chief Executive/General Secretary
1	Chief Executive and Principal
1	Chief Executive & Academy Principal
1	Chair of the College of Teachers
1	Chair of Smt
1	Chair of College of Teachers
1	Ceo and Principal
1	Centre Head
1	Centre Director
1	Campus Coordinator
1	CEO/Principal
1	CEO/Executive Principal
1	Business Manager
1	Associate Head of Short Stay
1	Associate Head Teacher
1	Associate Director
1	Assistant Headteacher
1	Assistant Executive Headteacher
1	Assistant Director of Education
1	Ass. Head Short Stay
1	Area Headteacher
1	Area Behaviour Officer
1	Adting Head of School
1	Administrator
1	Acting-Head
1	Acting Teacher In Charge
1	Acting Project Manager
1	Acting Leader
1	Acting Interim Head of School
1	Acting Heamdaster
1	Acting Headmaster
1	Acting Head of Juniors
1	Acting Head of Centre
1	Acting Executive Head Teacher
1	Acting Executive Head
1	Acting Director
1	Acting Collegiatedirector
1	Acting Co-Principal
1	Acting Co Headteacher
1	Acting Ceo
1	Academy Leader
1	Academy Lead
1	Aacc
1	ABS Consultant
