3057	London
2772	
843	Birmingham
768	Manchester
629	Liverpool
602	Leeds
566	Bristol
565	Nottingham
465	Sheffield
370	Leicester
306	Stoke-on-Trent
305	Bradford
298	Norwich
295	Coventry
284	Doncaster
264	Newcastle-upon-Tyne
246	Southampton
235	Reading
234	Northampton
231	Wolverhampton
226	Preston
222	Derby
217	Hull
213	Bolton
206	Plymouth
199	York
193	Swindon
190	Stockport
189	Barnsley
188	Middlesbrough
187	Rotherham
186	Milton Keynes
181	Cambridge
179	Peterborough
176	Oldham
175	Bedford
174	Walsall
173	Lincoln
159	Wigan
156	Oxford
150	Sunderland
150	Ipswich
149	Wakefield
149	Luton
148	Gloucester
148	Colchester
139	Warrington
137	Mansfield
134	Telford
130	Huddersfield
127	Grimsby
125	Slough
124	Rochdale
124	Chelmsford
123	Exeter
121	Blackburn
120	Salford
120	Croydon
119	Salisbury
119	Brighton
118	Cheltenham
116	Worcester
116	Stockton-on-Tees
116	Kettering
115	Chesterfield
114	Shrewsbury
113	King's Lynn
112	Maidstone
111	Wirral
111	Bournemouth
110	Darlington
106	Halifax
105	Pontefract
105	Ashford
104	High Wycombe
103	Romford
102	Stafford
102	Chester
101	Portsmouth
101	Durham
98	Burnley
97	Hereford
97	Gateshead
95	Ilford
94	Carlisle
94	Bath
93	Solihull
93	Nuneaton
91	Loughborough
90	Blackpool
89	Taunton
89	Rugby
88	Harlow
87	Tamworth
86	Woking
85	Kidderminster
85	Aylesbury
84	St Albans
84	Guildford
83	Scunthorpe
83	Newark
83	Harrow
83	Crawley
82	Orpington
81	Sutton Coldfield
81	Canterbury
80	Watford
80	Basildon
79	Rochester
77	Poole
77	Gravesend
77	Gillingham
76	Great Yarmouth
76	Basingstoke
76	Banbury
75	Wellingborough
75	Hemel Hempstead
75	Harrogate
75	Bury St Edmunds
74	Crewe
73	Bury
72	Redditch
71	Dagenham
71	Bromley
70	Hartlepool
69	Macclesfield
67	Burton-on-Trent
66	Stevenage
66	Sittingbourne
66	Grantham
65	Chorley
64	Runcorn
64	Maidenhead
64	Dartford
64	Bridgwater
63	Wisbech
63	Tunbridge Wells
63	Truro
63	Enfield
62	South Shields
62	Keighley
61	Huntingdon
61	Dunstable
61	Chatham
61	Boston
60	Chichester
59	Lowestoft
59	Lancaster
59	Corby
58	Widnes
58	Spalding
58	Sevenoaks
58	Newbury
58	Chippenham
57	Tonbridge
57	Stroud
57	Southall
57	Newport
57	Ellesmere Port
57	Dudley
56	Torquay
56	Newton Abbot
55	St Helens
55	Hounslow
55	Hayes
55	Barrow-in-Furness
54	Uxbridge
54	Horsham
53	Southend-on-Sea
53	Newcastle
53	Brentwood
53	Abingdon
52	Worksop
52	Northwich
52	Eastbourne
51	Worthing
51	Thetford
51	Bishop Auckland
50	Washington
50	Cannock
49	Yeovil
49	Witney
49	Skelmersdale
49	Haywards Heath
49	Fareham
49	Epsom
49	Dover
49	Camberley
49	Altrincham
48	Folkestone
48	Bracknell
47	Stourbridge
47	Oldbury
47	Jersey
47	Flintshire
47	Dewsbury
47	Cheadle
47	Andover
46	Winchester
46	Waterlooville
46	Warwick
46	Southport
46	Richmond
46	Leamington Spa
46	Isle of Man
45	Wokingham
45	Gainsborough
44	St Austell
44	Scarborough
44	Penzance
44	Morpeth
44	Melton Mowbray
44	Grays
44	Ely
44	Accrington
43	West Bromwich
43	Tiverton
43	Sutton
43	Hitchin
43	Eastleigh
43	Bootle
43	Bishop's Stortford
42	St Leonards-on-Sea
41	St Helen's
41	Smethwick
41	Rhondda, Cynon, Taff
41	Ormskirk
41	Gosport
41	Farnham
41	Dorchester
41	Castleford
40	Nelson
40	Malvern
40	Barnstaple
39	Woodbridge
39	Trowbridge
39	Swadlincote
39	Penrith
39	Mitcham
39	Hornchurch
39	Farnborough
39	Alfreton
38	Wimborne
38	Waltham Cross
38	Sale
38	Ramsgate
38	Oakham
38	Kingston upon Thames
38	Guernsey
38	Benfleet
38	Batley
38	Barnet
37	Windsor
37	Weymouth
37	Sleaford
37	Sidcup
37	Clacton-on-Sea
37	Chester le Street
37	Cardiff
36	Wallsend
36	Sudbury
36	Peterlee
36	Matlock
36	Houghton le Spring
36	Coalville
36	Buxton
36	Bilston
35	Workington
35	Wednesbury
35	Tipton
35	Thornton Heath
35	South Croydon
35	Skipton
35	Rugeley
35	Radstock
35	North Shields
35	Buckingham
34	Ware
34	Tbc
34	St Neots
34	Rossendale
34	Lewes
34	Leighton Buzzard
34	Kendal
34	Hertford
34	Feltham
34	Edgware
34	Dorking
34	Devizes
34	Daventry
34	Bromsgrove
33	Wembley
33	Retford
33	Redcar
33	Leyland
33	Leatherhead
33	Goole
33	Cleethorpes
33	Braintree
32	Stowmarket
32	Prenton
32	Market Harborough
32	Ilkeston
32	Havant
32	Godalming
32	Consett
32	Cirencester
32	Carshalton
32	Blandford Forum
31	Willenhall
31	Weston-Super-Mare
31	Stratford-upon-Avon
31	Shipley
31	Royston
31	Oswestry
31	Lichfield
31	Helston
31	Evesham
31	Beckenham
31	Atherstone
30	Welwyn Garden City
30	Wantage
30	Twickenham
30	Stamford
30	Rickmansworth
30	Pinner
30	Pembrokeshire
30	Louth
30	Hyde
30	Hexham
30	Hatfield
30	Carmarthenshire
30	Billingham
30	Bicester
30	Ashton-under-Lyne
30	Amersham
29	Totnes
29	Thatcham
29	Redhill
29	Pudsey
29	Northallerton
29	Marlborough
29	Margate
29	Hinckley
29	Harpenden
29	Cramlington
29	Congleton
29	Christchurch
29	Broadstairs
29	Bodmin
29	Ashbourne
28	Westcliff-on-Sea
28	Stanley
28	Selby
28	Paignton
28	Littlehampton
28	Leigh-on-Sea
28	Launceston
28	Halesowen
28	Darwen
28	Clitheroe
28	Carnforth
28	Blyth
28	Birkenhead
28	Bexleyheath
28	Beverley
28	Bedworth
28	Alton
27	Wigston
27	Warminster
27	Towcester
27	Stanford-le-Hope
27	Saffron Walden
27	Hove
27	Faversham
27	Erith
27	Dereham
27	Bexhill-on-Sea
27	Barking
26	Whitby
26	Wallasey
26	Torfaen
26	Swanley
26	Sutton-in-Ashfield
26	Surbiton
26	Reigate
26	Redruth
26	Prescot
26	Leek
26	Hastings
26	Frome
26	East Grinstead
26	Belper
25	Winsford
25	Whitley Bay
25	Spennymoor
25	Southsea
25	Ripon
25	Newton Aycliffe
25	Liskeard
25	Leigh
25	Haverhill
25	Canvey Island
25	Bushey
25	Borehamwood
25	Bognor Regis
24	Witham
24	Wigton
24	Welling
24	Seaham
24	Rushden
24	Ruislip
24	Otley
24	Northolt
24	Newmarket
24	Nantwich
24	Morden
24	Monmouthshire
24	Leominster
24	Ilkley
24	Glossop
24	Coulsdon
24	Caterham
24	Bideford
24	Aldershot
23	Wrexham
23	Woodford Green
23	Wetherby
23	Upminster
23	Staines
23	South Ockendon
23	Skegness
23	Sherborne
23	Seaford
23	Purley
23	Mexborough
23	Jarrow
23	Hebburn
23	Exmouth
23	Driffield
23	Deal
23	Camborne
23	Bridgnorth
23	Ashington
23	Ascot
22	Whitehaven
22	Wallington
22	Tewkesbury
22	Stourport-on-Severn
22	Rayleigh
22	Melksham
22	Loughton
22	High Peak
22	Henley-on-Thames
22	Dubai
22	Didcot
22	Brighouse
22	Bingley
22	Billericay
21	Wallingford
21	Romsey
21	Potters Bar
21	Letchworth Garden City
21	Isleworth
21	Greenford
21	Diss
21	Cranbrook
21	Chipping Norton
21	Chesham
21	Bridgend
21	Beccles
20	Wilmslow
20	Wickford
20	Ulverston
20	Uckfield
20	Sowerby Bridge
20	Southam
20	Sandbach
20	Saltburn-by-the-Sea
20	Newton-le-Willows
20	Newquay
20	New Malden
20	Market Rasen
20	Lytham St Annes
20	Ludlow
20	Lancing
20	Knutsford
20	Holmfirth
20	Heywood
20	Halstead
20	Chertsey
20	Bridport
20	Bridlington
20	Berwick-upon-Tweed
19	West Drayton
19	Uttoxeter
19	Swansea
19	Rainham
19	Lymington
19	Lutterworth
19	Longfield
19	Knottingley
19	Kingston-upon-Hull
19	Hook
19	Herne Bay
19	Calne
19	Burntwood
19	Biggleswade
19	Alnwick
18	Weston-super-Mare
18	West Wickham
18	Tavistock
18	St Ives
18	Rowley Regis
18	Morecambe
18	Minehead
18	Horley
18	Hoddesdon
18	Haslemere
18	Hampton
18	Crowborough
18	Crediton
18	Chard
18	Berkhamsted
18	Belvedere
18	Beaconsfield
18	Addlestone
17	West Malling
17	Wells
17	Wareham
17	Thirsk
17	Stone
17	Stanmore
17	Sheerness
17	Sandy
17	Saltash
17	Poulton-le-Fylde
17	Petersfield
17	Ossett
17	Maryport
17	Market Drayton
17	Malton
17	Honiton
17	Falmouth
17	Esher
17	Dunmow
17	Dronfield
17	Colne
17	Clevedon
17	Cleckheaton
17	Burgess Hill
17	Brigg
17	Brierley Hill
17	Blaenau Gwent
17	Axminster
17	Alcester
16	Whitchurch
16	Weybridge
16	Wellington
16	Thornton-Cleveleys
16	Sunbury-on-Thames
16	Stalybridge
16	Rochford
16	Ripley
16	Pulborough
16	Oxted
16	Normanton
16	Neston
16	Mirfield
16	Marlow
16	Kingswinford
16	Kidlington
16	Kenilworth
16	Immingham
16	Hailsham
16	Frodsham
16	Felixstowe
16	Cullompton
16	Chislehurst
16	Chigwell
16	Bourne
16	Ashton-Under-Lyne
15	Westerham
15	Ryde
15	Rothwell
15	Pershore
15	Northwood
15	Newport Pagnell
15	March
15	Lydney
15	Hebden Bridge
15	Guisborough
15	Gerrards Cross
15	Fleet
15	Ferryhill
15	Faringdon
15	Fakenham
15	Eye
15	Crook
15	Bungay
15	Brixham
15	Brampton
15	Brackley
14	Walton-on-Thames
14	Tring
14	Teignmouth
14	Stonehouse
14	Shaftesbury
14	Rye
14	Ross-on-Wye
14	Ringwood
14	Maldon
14	Holsworthy
14	Fleetwood
14	Dukinfield
14	Denbighshire
14	Corsham
14	Cockermouth
14	Caerphilly
14	Bexley
14	Banstead
14	Ashby-de-la-Zouch
13	Whitstable
13	Westbury
13	Tarporley
13	Swanage
13	Swaffham
13	Sir Gaerfyrddin
13	Liversedge
13	Keswick
13	Hope Valley
13	Highbridge
13	Heanor
13	Glastonbury
13	Dursley
13	Droitwich
13	Downham Market
13	Conwy
13	Baldock
12	Wadebridge
12	Ventnor
12	Tadley
12	Spilsby
12	Radlett
12	Okehampton
12	Knaresborough
12	Kingsbridge
12	Ivybridge
12	Hythe
12	Heathfield
12	Harwich
12	Dawlish
12	Cromer
12	Cranleigh
12	Coleford
12	Cinderford
12	Bedlington
11	Wymondham
11	Waltham Abbey
11	Tyldesley
11	Todmorden
11	Tadworth
11	Street
11	Shoreham-by-Sea
11	Shefford
11	Saxmundham
11	Sandown
11	Saltburn-By-the-Sea
11	Ongar
11	Midhurst
11	Malmesbury
11	Ledbury
11	Langport
11	Ilminster
11	Heckmondwike
11	Great Missenden
11	Fordingbridge
11	Epping
11	Egham
11	Cradley Heath
11	Cowes
11	Cottingham
11	Cobham
11	Buntingford
11	Brentford
11	Blaydon-on-Tyne
11	Bewdley
11	Barnard Castle
11	Attleborough
10	Yateley
10	Yarm
10	Wotton-under-Edge
10	Torpoint
10	Tilbury
10	Thame
10	Shipston-on-Stour
10	Shifnal
10	Shepton Mallet
10	Prudhoe
10	Princes Risborough
10	Pontypool
10	Pewsey
10	Moreton-in-Marsh
10	Middlewich
10	Merthyr Tydfil
10	Lingfield
10	Horncastle
10	Hockley
10	Hessle
10	Hayle
10	Ferndown
10	Emsworth
10	Edenbridge
10	Crewkerne
10	Chessington
10	Ceredigion
10	Bude
10	Bordon
10	Barnoldswick
10	Bacup
10	Aylesford
10	Alford
9	Wadhurst
9	Vale of Glamorgan
9	Tenbury Wells
9	Teddington
9	Sturminster Newton
9	Somerton
9	Sidmouth
9	Ryton
9	Portland
9	Par
9	Newcastle-under-Lyme
9	New Milton
9	Millom
9	Manningtree
9	Lymm
9	Ilfracombe
9	Hungerford
9	Henley-in-Arden
9	Grange-over-Sands
9	Dartmouth
9	Cwmbran
9	Craven Arms
9	Chepstow
9	Carterton
9	Broxbourne
9	Bromyard
9	Bradford-on-Avon
9	Billingshurst
9	Bedale
9	Battle
9	Bakewell
9	Arundel
8	Worcester Park
8	Westgate-on-Sea
8	Tidworth
8	Tadcaster
8	Swanscombe
8	Studley
8	Shepperton
8	Settle
8	Sandhurst
8	Robertsbridge
8	Powys
8	Petworth
8	North Walsham
8	Newhaven
8	Neath
8	Milnthorpe
8	Littleborough
8	Liphook
8	Letchworth
8	Ingatestone
8	Hassocks
8	Halesworth
8	Egremont
8	Crowthorne
8	Brough
8	Brandon
8	Beaminster
8	Barry
8	Ashtead
8	Appleby-in-Westmorland
8	Ambleside
7	Yelverton
7	Winscombe
7	Windermere
7	Warlingham
7	Umberleigh
7	Torrington
7	Tetbury
7	Tenterden
7	Southwold
7	Southminster
7	South Molton
7	Sandwich
7	Rowlands Gill
7	Pontypridd
7	Penryn
7	New Romney
7	Looe
7	Llanelli
7	Leyburn
7	Knowsley
7	Kings Langley
7	Hornsea
7	Hindhead
7	Filey
7	Ellesmere
7	Elland
7	Cleator Moor
7	Chatteris
7	Catterick Garrison
7	Callington
7	Broadstone
7	Braunton
7	Bampton
7	Alresford
7	Aberdare
6	Withernsea
6	West Molesey
6	West Byfleet
6	Welwyn
6	Sedbergh
6	Sawbridgeworth
6	Romney Marsh
6	Port Talbot
6	Pickering
6	Peacehaven
6	North Ferriby
6	Monmouth
6	Mayfield
6	Markfield
6	Lostwithiel
6	Leiston
6	Kirkby Stephen
6	Isles of Scilly
6	Holt
6	Henlow
6	Hayling Island
6	Harleston
6	Haltwhistle
6	Frinton-on-Sea
6	East Molesey
6	East Cowes
6	Church Stretton
6	Chulmleigh
6	Choppington
6	Carmarthen
6	Burnham-on-Sea
6	Bruton
6	Bourne End
6	Berkeley
6	Beaworthy
6	Barton-upon-Humber
6	Alderley Edge
6	Abbots Langley
5	Woodstock
5	Woodhall Spa
5	Wingate
5	Trimdon Station
5	Tonypandy
5	Thames Ditton
5	Templecombe
5	Stockbridge
5	Steyning
5	Southwell
5	Snodland
5	Sheringham
5	Rhondda
5	Porth
5	Newent
5	Nailsea
5	Mountain Ash
5	Milford Haven
5	Malpas
5	Mablethorpe
5	Lyme Regis
5	Liss
5	Lechlade
5	Iver
5	Hunstanton
5	Hammersmith Embankment, London
5	Frizington
5	Fairford
5	Dalton-in-Furness
5	Colyton
5	Chipping Campden
5	Cheddar
5	Budleigh Salterton
5	Buckhurst Hill
5	Buckfastleigh
5	Broadway
5	Arlesey
5	Ammanford
4	Wooler
4	Wincanton
4	West Bridgford
4	Watlington
4	Watchet
4	Virginia Water
4	Verwood
4	Totland Bay
4	Stocksfield
4	St Agnes
4	Shildon
4	Shanklin
4	Seaton
4	Rhondda Cynon Taff
4	Poynton
4	Portishead
4	Padstow
4	Ottery St Mary
4	Olney
4	Nr Colchester
4	Newcastle upon Tyne
4	Much Wenlock
4	Mold
4	Lyndhurst
4	Longhope
4	Lightwater
4	Lee-on-the-Solent
4	Jhq
4	Ibstock
4	Hersham
4	Gwent
4	Gunnislake
4	Godstone
4	Fowey
4	Forest Row
4	Etchingham
4	East Boldon
4	Doha
4	Denbigh
4	Delabole
4	Castle Cary
4	Camelford
4	Cairo
4	Burnham-on-Crouch
4	Burford
4	Broseley
4	Blackwood
4	Birchington
4	Bagshot
4	Ash
3	Winkleigh
3	Whyteleafe
3	Wedmore
3	Walton on the Naze
3	Walthamstow
3	Ulceby
3	Stoke-sub-Hamdon
3	Stoke Poges
3	Stockley Park
3	Stansted
3	St Columb
3	Sir Ddinbych
3	Sir Benfro
3	Singapore
3	Sennelager
3	Seascale
3	Sandfields
3	Pevensey
3	Osnabruck
3	Nr Diss
3	Newnham
3	Newcastle-Under-Lyme
3	Newcastle Under Lyme
3	Newbiggin-by-the-Sea
3	Much Hadham
3	Mitcheldean
3	Martock
3	Kington
3	Kenley
3	Houghton Regis
3	Hohne
3	Haverfordwest
3	Hackney
3	Gwynedd
3	Gutersloh
3	Greenhithe
3	Eccles
3	Droitwich Spa
3	Crowle
3	Crickhowell
3	Corbridge
3	Chingford
3	Cheshunt
3	Chalfont St Giles
3	Caerfyrddin
3	Bury St Edmund's
3	Broughton-in-Furness
3	Brockenhurst
3	Bridgewater
3	Boldon Colliery
3	Bishops Castle
3	Betchworth
3	Bembridge
3	Belford
3	Barrow-upon-Humber
3	Bargoed
3	Axbridge
3	Alston
2	Ystradgynlais
2	Ynys Mon
2	Yate
2	Wythenshawe
2	Wotton-Under-Edge
2	Windlesham
2	Winchelsea
2	Weston Super Mare
2	West Sussex
2	West Bromich
2	Wells-next-the-Sea
2	Weare
2	Walsingham
2	United Arab Emirates
2	Treorchy
2	Treharris
2	Tregaron
2	Tintagel
2	Timperley
2	Thorngumbald
2	Tameside
2	Stokesley
2	Stoke-Sub-Hamdon
2	Stoke on Trent
2	Stoke Newington
2	Stewartby
2	Stansted Mountfitchet
2	St Bees
2	St Andrew's
2	South Petherton
2	South Brent
2	Sir Y Fflint
2	Silsoe
2	Shoreham-By-Sea
2	Seahouses
2	Salcombe
2	Ruardean
2	Rocester
2	Rhondda Cynon Taf
2	Ramsey
2	Queenborough
2	Purfleet
2	Prestatyn
2	Polegate
2	Pinxton
2	Perranporth
2	Penkridge
2	Pembroke Dock
2	Over Peover
2	Oundle
2	Nr Ashburton
2	Northstowe
2	North Somerset
2	Newton Ferrers Plymouth
2	New Tredegar
2	New Cairo
2	Moor Row
2	Montacute
2	Middlesex
2	Malvern Link
2	MID Glamorgan
2	Lydbrook
2	Llantwit Major
2	Llandaff North
2	Lingwood
2	Lifton
2	Langley
2	Lagos
2	LONDON
2	Kuwait
2	Knebworth
2	Kirkby
2	Kingswood
2	Keston
2	Kenya
2	Isa Town
2	Huyton
2	Hengoed
2	Hartfield
2	Hartcliffe
2	Harrow-on-the-Hill
2	Hanley Swan
2	Hagley
2	Hadleigh
2	Gwersyllt
2	Greenwich
2	Great Dunmow
2	Gorton
2	Frimley
2	Freshwater
2	Ferndale
2	Fallingbostel
2	Episkopi
2	Edmonton
2	Edinburgh
2	East Tilbury
2	East Malling
2	Dulverton
2	Dilwyn
2	Dhekelia
2	Denham Green
2	Czech Republic
2	Crumpsall
2	Crumlin
2	Crosby
2	Coniston
2	Cleator
2	Chinnor
2	Cardigan
2	Bucknell
2	Bucharest
2	Bonymaen
2	Bletchley
2	Bfpo 43
2	Bfpo 31
2	Bfpo 1
2	Barton-on-Humber
2	Barnsley South
2	Barnetby
2	Barnehurst
2	Barkingside
2	Badminton
2	Badby
2	Athens
2	Askam-in-Furness
2	Ashburton
2	Alsager
2	Al Khobar 31952
2	Acklam
2	Abu Dhabi
2	Aberystwyth
2	Abertillery
2	Abergavenny
1	Yarmouth
1	Wythall
1	Wynyard
1	Wylam
1	Wye
1	Wootton
1	Woolmer Green
1	Woolacombe
1	Woodley
1	Woodford Bridge
1	Woodchurch
1	Woburn
1	Wlllenhall
1	Wivelsfield Green
1	Winterborne Whitechurch
1	Winslow
1	Wimbledon
1	Wiltshire
1	Wilmington
1	Wildenrath
1	Wilden
1	Whitefield
1	Whippingham
1	Wheatley
1	Wexham
1	Westerleigh
1	Westbury-on-Severn
1	West Tytherely
1	West Kingsdown
1	West Hoathly
1	West Hendon
1	West Denton
1	West Boldon
1	Welshpool
1	Wells-Next-the-Sea
1	Warborough, Wallingford
1	Wapping
1	Walton
1	Walthanstow
1	Voorschoten
1	Via Lancaster
1	Valencia
1	Usk
1	Urmston
1	Upper Heyford
1	Upper Beeding
1	Ulaanbaatar - 17110
1	Tyne and Wear
1	Turkey
1	Tredegar
1	Tooting, London
1	Tondu
1	Tokyo
1	Tias (Lanzarote), 35572
1	Thundersley
1	Thornhill
1	Thornaby
1	Tervuren
1	Terrington St Clement
1	Tenby
1	Taplow
1	Tangerang 15227
1	TBC
1	Swinton
1	Swineford
1	Swanley Village
1	Surra 45701
1	Sully
1	Sturbridge
1	Strourbridge
1	Stratford
1	Stoke On Trent
1	Stoke
1	Stockbridge Village
1	Staple Hill
1	Staines-upon-Thames
1	St Mary's
1	St Asaph
1	South Wirral
1	South Ockenden
1	South Harrow
1	Sompting
1	Soham
1	Sofia
1	Sileby
1	Shotton Colliery
1	Shotton
1	Shenley
1	Shawforth
1	Sharpthorne
1	Sharjah
1	Selsey
1	Sefton
1	Seaview
1	Seaton Delaval
1	Seaforth
1	Sea Palling
1	Sao Paulo 01440-903
1	Sandiacre
1	Saltley
1	Saltburn
1	Saltaire
1	Salop
1	Salmiya
1	SLINFOLD
1	Ruwi
1	Rumney
1	Royton
1	Royal Leamington Spa
1	Rowland's Castle
1	Rossett
1	Rookley
1	Romania
1	Riyadh 11612
1	Riverhead
1	Rinteln
1	Riding Mill
1	Rhydaman
1	Rhuthun
1	Rawcliffe
1	Ras Al Khaimah
1	Ramstein
1	Radcliffe
1	RCT
1	Quorn
1	Pwllheli
1	Prestwich
1	Prague 4, 14200
1	Poulton
1	Portugal
1	Porthcawl
1	Port Isaac
1	Poplar
1	Pontyclun
1	Ponteland
1	Polruan
1	Pocklington
1	Plumstead
1	Playden Rye
1	Pilning
1	Perivale
1	Penylan
1	Pentwyn
1	Pencoed
1	Penarth
1	Pembroke
1	Pelynt
1	Peckleton
1	Peckham
1	Paulton
1	Palma de Mallorca
1	Paderborn
1	Paddock Wood
1	Openshaw, Manchester
1	Ombersley
1	Old Harlow
1	Ogmore Vale
1	OXFORD
1	Nr. Llanarmon-Yn-Ial
1	Nr. King's Lynn
1	Nr. Denbigh
1	Nr. Bury
1	Nr Worksop
1	Nr Wigan
1	Nr Westerham
1	Nr Thetford
1	Nr Sevenoaks
1	Nr Royston
1	Nr Reading
1	Nr March
1	Nr Manningtree
1	Nr Lyndhurst
1	Nr Grimsby
1	Nr Darwen
1	Nr Aylesbury
1	Nr Attleborough
1	Norton
1	Northants
1	North Tyneside
1	North Tawton
1	North Petherton
1	Nonthaburi 11000, Thailand
1	Newtown
1	Newton Longville
1	Newton Abbott
1	Newthorpe
1	Newbiggin-By-the-Sea
1	Newark-on-Trent
1	New Barnet
1	Neath, Port Talbot
1	Near Sevenoaks
1	Near Kidderminster
1	Near Ingleton
1	Near Crewe
1	Near Chester
1	Near Buxton
1	Naples
1	Nairobi 00502
1	N Lincs
1	Murcia
1	Munster
1	Mountain Hare
1	Mottram
1	Mostyn
1	Montgomery
1	Mons Belgium
1	Minster-on-Sea
1	Milnrow
1	Mildenhall
1	Middleham
1	Mid Glamorgan
1	Mickleover
1	Mexico DF, 01740
1	Methyr Tydfil
1	Merstham
1	Merriott
1	Meriden
1	Meonstoke
1	Melton Constable
1	Marton
1	Marshfield
1	Market Deeping
1	Marbella
1	Marazion
1	Malvern Wells
1	Malaysia
1	Malaga
1	Maesteg
1	Madrid, Spain
1	Madrid 28109
1	Madrid 28016
1	Machynlleth
1	M.P.C
1	Lynton
1	Lydbury North
1	Luxembourg, L-2328
1	Ludgershall
1	Lowick
1	Lower Cwmtwrch
1	Low Willington
1	Longsight
1	Long Ditton
1	Lockerbie
1	Llanwnda
1	Llangynwyd
1	Llangollen
1	Llanfihangel  Pontymoel
1	Llanegryn
1	Llandysul
1	Llandudno
1	Llandrindod Wells
1	Llandovery
1	Llandeilo
1	Llandaff
1	Llanarmon-Yn-Ial
1	Little Abington
1	Leyton
1	Lewisham
1	Levenshulme
1	Lambeth
1	Laindon
1	Lagos, Nigeria
1	LOUTH
1	Kuwait City
1	Krylatskoe, Moscow
1	Kirkby-in-Furness
1	Kirkby Lonsdale
1	Kirkburton
1	Kirby
1	Kinlet
1	Kidwelly
1	Ketley
1	Keele
1	Kdc Trung Son
1	Kathmandu
1	Johnstown
1	Ixworth
1	Iver Heath
1	Ironville
1	Ingleby Barwick
1	Ickenham
1	Husborne Crawley
1	Hurley
1	Hucknall
1	Hq Baltap
1	Howden
1	Horwich
1	Horsley
1	Honley
1	Holyport
1	Holmrook
1	Holbury
1	Ho Chi Minh City
1	Hitcham
1	Hinton St George
1	Hindley, Wigan
1	Hillingdon
1	Higham Ferrers
1	Herefordshire
1	Hengrove
1	Henfield
1	Hendon
1	Hednesford
1	Heckingham
1	Headley
1	Hayward's Heath
1	Hay-on-Wye
1	Hawes
1	Hawally, 32057
1	Haslingden
1	Hanworth
1	Hameln
1	Halsted
1	Gurnos Estate
1	Greenhill
1	Greenfield
1	Greater London
1	Great Oakley
1	Great Cambourne
1	Graveney
1	Grange-Over-Sands
1	Gran Canaria 35017
1	Gowerton
1	Gorseinon
1	Gorleston
1	Godmanchester
1	Ghana
1	Genthod, 1294
1	Gedney Hill
1	Fulbourn
1	Fujairah
1	Frimley Green, Camberley
1	France
1	Frampton Cotterell
1	Framfield
1	Foxton
1	Formby
1	Fittleworth
1	Fishguard
1	Fillongley
1	Felsted
1	Fawley
1	Farnsfield
1	Farnham Royal
1	Farnham Common
1	Falkirk
1	Ewhurst
1	Ewell
1	Etwall
1	Estover, Plymouth
1	Essex
1	Essendon
1	Espom
1	Epsom Downs
1	Emberton
1	Egginton
1	Eckington
1	Ebbw Vale
1	Easton
1	Eastboune
1	East Sussex
1	Ealing
1	Dymock
1	Dulmen
1	Drybrook
1	Downend
1	Dove Holes
1	Ditchling
1	Dinerth Road
1	Detmold
1	Deptford
1	Deeside
1	Deepcut
1	Dartington
1	Danbury
1	Dagnall
1	Dagenham East
1	Cyngor Gwynedd, Caernarfon
1	Cwmbwrla
1	Cumbria
1	Croxteth
1	Cross Hands
1	Cromhall
1	Crieff
1	Cricklade
1	Crayford
1	Cranford
1	Cranfield
1	Cramlington Village
1	Cossall
1	Coryton
1	Cornhill-on-Tweed
1	Cordoba
1	Copthorne
1	Connah's Quay
1	Combs High Peak
1	Colwyn Bay
1	Coltishall
1	Coleshill
1	Coldicot
1	Coggeshall
1	Clydach
1	Cluj-Napoca
1	Clophill
1	Cleveleys
1	Clacton on Sea
1	Chorlton
1	Cholsey
1	Chirk
1	China
1	Cheddleton
1	Chathill
1	Charlbury
1	Chapel-en-le-Frith
1	Chafford Hundred
1	Cereidion
1	Central Milton Keynes
1	Celle
1	Castle Gresley
1	Casablanca 20150
1	Caracas
1	Canton
1	Camden
1	Cambourne
1	Calstock
1	Caldicot
1	Caistor
1	Caergybi
1	Caergwrle
1	Caerdydd
1	Burton-upon-Trent
1	Burry Port
1	Burnham
1	Bures
1	Burbage
1	Bulwell
1	Buckley
1	Brynmawr
1	Brunssum
1	Brunei Darussalam BS8572
1	Brunei
1	Bruggen Elmpt
1	Browney
1	Broughton Astley
1	Brockworth
1	Brighton and Hove
1	Brecon
1	Breadsall
1	Braunstone
1	Bransgore
1	Bransford
1	Bradfield
1	Bowness-on-Windermere
1	Botley
1	Boscastle
1	Bodle Street Green
1	Blindley Heath
1	Blidworth
1	Blanford Forum
1	Blakeney
1	Blaengwynfi
1	Blaenavon
1	Blackmill
1	Blaby
1	Birmingahm
1	Bingham
1	Binegar
1	Bielefeld
1	Bfpo 605
1	Bfpo 58
1	Bfpo 54
1	Bfpo 53
1	Bfpo 48
1	Bfpo 35
1	Bfpo 34
1	Bfpo 25
1	Bfpo 19
1	Bfpo 115
1	Bettws
1	Bersham, Wrexham
1	Bermondsey
1	Belize
1	Beijing
1	Bedminster
1	Beckermet
1	Bason Bridge
1	Barwell
1	Barton le Clay
1	Barcelona, Spain
1	Banwell
1	Bangor
1	Bangkok 10110
1	Bamber Bridge
1	Baku AZ1072
1	Backwell
1	BIRMINGHAM
1	B-1040 Brussels
1	Ayios Nikolaos
1	Aveley
1	Atherton
1	Aspley Guise
1	Ashton Under Lyne
1	Ashford Common
1	Ashby-De-La-Zouch
1	Ash Vale
1	Ascension Island
1	Ankara
1	Anglesey
1	Ampthill
1	Amesbury
1	Almondsbury
1	Almaty 050040
1	Alicante 03008
1	Alexandria
1	Alderney
1	Aldeburgh
1	Albury
1	Alberta
1	Al Khor
1	Akrotiri
1	Ainsdale
1	Adliya
1	Abertawe
1	Abergele
1	Aberfan
1	Aberdeen
1	Abercynon
1	Abercrave
1	Aberbeifi
1	Aberbargoed
1	Aberavon
1	Abbey Wood
1	53177 Bonn
1	29670 San Pedro de Alcantara
1	29602 Malaga
1	28761 Madrid
1	28036 Madrid
1	20134 Milano
1	190 00 Praha 9
1	182 62 Djursholm
1	160 00 Praha 6
1	15344 Gerakas
1	1077 Me Amsterdam
1	06251 Mougins Cedex
1	00123 Roma
