post-town	start-date	end-date	text
Ab Kettleby			
Abberley			
Abberton			
Abbey Village			
Abbey Wood			
Abbeystead			
Abbeytown			
Abbots Bromley			
Abbots Langley			
Abbots Leigh			
Abbots Ripton			
Abbotsham			
Abbotskerswell			
Abbotts Ann			
Aberaeron			
Aberavon			
Aberbargoed			
Abercarn			
Abercrave			
Abercynon			
Aberdare			
Aberdyfi			
Abererch			
Abergavenny			
Abergele			
Abermorddu			
Abersoch			
Abertillery			
Abertridwr			
Abertysswg			
Aberystwyth			
Abingdon			
Abinger			
Abinger Hammer			
Abram			
Aby			
Accrington			
Acklington			
Acomb			
Acton			
Adderbury			
Adderley			
Addingham			
Addlestone			
Adisham			
Adlington			
Ainsdale			
Aintree			
Airmyn			
Akeley			
Alanbrooke Barracks			
Albaston			
Albert Village			
Albourne			
Albrighton			
Alburgh			
Albury			
Alby			
Alcester			
Alconbury			
Aldbourne			
Aldbrough			
Aldbury			
Aldeburgh			
Alderbury			
Alderholt			
Alderley Edge			
Aldershot			
Aldingbourne			
Aldington			
Aldridge			
Aldwick			
Aldwincle			
Alford			
Alfreton			
Alfriston			
Alkborough			
All Saints			
Allendale			
Allithwaite			
Allonby			
Almeley			
Almondsbury			
Alne			
Alnwick			
Alpington			
Alresford			
Alsager			
Alston			
Alton			
Altrincham			
Alvechurch			
Alveley			
Alvescot			
Alveston			
Amberley			
Amble			
Amblecote			
Ambleside			
Ambrosden			
Amersham			
Amesbury			
Amlwch			
Ammanford			
Ampfield			
Ampney Crucis			
Amport			
Ampthill			
Anderton			
Andover			
Andoversford			
Angmering			
Anlaby			
Anlaby Common			
Annesley Woodhouse			
Annfield Plain			
Anslow			
Anstey			
Antony			
Appleby-In-Westmorland			
Appledore			
Appley Bridge			
Ardingly			
Ardleigh			
Argoed			
Arkholme			
Arkwright Town			
Arlecdon			
Arlesey			
Arley			
Armathwaite			
Arnesby			
Arnold			
Arnside			
Arreton			
Arundel			
Ascot			
Ascott Under Wychwood			
Asfordby			
Asfordby Hill			
Ash			
Ashbourne			
Ashburton			
Ashby De La Zouch			
Ashdon			
Ashford			
Ashford Hill			
Ashill			
Ashington			
Ashley Heath			
Ashover			
Ashperton			
Ashtead			
Ashton			
Ashton In Makerfield			
Ashton Keynes			
Ashton Under Hill			
Ashton-In-Makerfield			
Ashton-Under-Lyne			
Ashurst			
Ashurst Wood			
Ashwater			
Ashwell			
Ashwicken			
Askam-In-Furness			
Askrigg			
Askwith			
Aslacton			
Aspatria			
Aspley Guise			
Aspley Heath			
Aspull			
Assington			
Astbury			
Astcote			
Astley			
Astley Village			
Aston			
Aston Clinton			
Aston Juxta Mondrum			
Aston Le Walls			
Atherstone			
Atherton			
Attleborough			
Atworth			
Audenshaw			
Audlem			
Aughton			
Austrey			
Aveley			
Avening			
Averham			
Avery Hill			
Aveton Gifford			
Awbridge			
Awsworth			
Axbridge			
Axminster			
Aycliffe Village			
Aykley Heads			
Aylburton			
Aylesbury			
Aylesford			
Aylesham			
Aylmerton			
Backbarrow			
Backwell			
Backworth			
Bacton			
Bacup			
Badby			
Badsey			
Badwell Ash			
Bagillt			
Baglan			
Bagshot			
Baildon			
Bainbridge			
Bakewell			
Balcombe			
Baldersby St James			
Balderton			
Baldock			
Balsham			
Bamber Bridge			
Bamford			
Bamfurlong			
Bampton			
Banbury			
Bangor			
Banham			
Banks			
Banstead			
Banwell			
Bapchild			
Barby			
Barcombe Cross			
Bardwell			
Barford			
Barford St Martin			
Bargoed			
Barham			
Barkby			
Barking			
Barkway			
Barlborough			
Barlestone			
Barley			
Barling Magna			
Barlow			
Barmby Moor			
Barmby On The Marsh			
Barming			
Barmouth			
Barnack			
Barnacre With Bonds			
Barnard Castle			
Barnardiston			
Barnet			
Barnetby			
Barnetby Le Wold			
Barnham			
Barnham Broom			
Barningham			
Barnoldswick			
Barns Green			
Barnsley			
Barnstaple			
Barnston			
Barnt Green			
Barnwell			
Barrington			
Barripper			
Barrow			
Barrow Upon Humber			
Barrow Upon Soar			
Barrow-In-Furness			
Barrowford			
Barrs Court			
Barry			
Bartestree			
Barton			
Barton Stacey			
Barton Under Needwood			
Barton Upon Humber			
Barton-Le-Clay			
Barton-On-Sea			
Barwell			
Baschurch			
Basildon			
Basingstoke			
Baslow			
Bassenthwaite			
Bassingbourn Cum Kneesworth			
Bath			
Batley			
Battle			
Baughurst			
Baumber			
Bawburgh			
Bawdeswell			
Bawdsey			
Bayford			
Bayton			
Beaconsfield			
Beaminster			
Beare Green			
Bearpark			
Bearsted			
Beaulieu			
Beaumaris			
Bebington			
Beccles			
Beck Row			
Beckenham			
Beckermet			
Beckwithshaw			
Bedale			
Beddau			
Beddgelert			
Beddington			
Bedfield			
Bedford			
Bedlington			
Bedmond			
Bednall			
Bedwas			
Bedworth			
Beechwood			
Beeford			
Beer			
Beeston			
Beeston Regis			
Beetham			
Belbroughton			
Belchamp St Paul			
Belford			
Bellingham			
Belmont			
Belper			
Belsay			
Belthorn			
Belton			
Belvedere			
Bembridge			
Bempton			
Benfieldside			
Benfleet			
Benhall			
Benington			
Bentley			
Benwick			
Beoley			
Bere Alston			
Bere Regis			
Berkeley			
Berkhamsted			
Berry Hill			
Berry Pomeroy			
Berrynarbor			
Bersted			
Berwick-Upon-Tweed			
Bestwood			
Beswick			
Betchworth			
Bethersden			
Bethesda			
Betteshanger			
Betws Y Coed			
Beverley			
Bewdley			
Bexhill			
Bexley			
Bexleyheath			
Beyton			
Bibury			
Bicester			
Bickershaw			
Bickleigh			
Biddenden			
Biddenham			
Biddulph			
Biddulph Moor			
Bideford			
Bidford-On-Avon			
Bidston			
Bierton			
Biggin Hill			
Biggleswade			
Bilbrook			
Billericay			
Billesdon			
Billinge			
Billingham			
Billingshurst			
Billington			
Billy Row			
Bilsborrow			
Bilsthorpe			
Bilton			
Binbrook			
Bingham			
Bingley			
Binley Woods			
Binstead			
Birch			
Birch Vale			
Birchanger			
Birchington			
Bircotes			
Birdham			
Birdlip			
Birkdale			
Birkenhead			
Birmingham			
Birstall			
Birstwith			
Birtley			
Bishop Auckland			
Bishop Burton			
Bishop Middleham			
Bishop Monkton			
Bishop Thornton			
Bishop Wilton			
Bishopdown			
Bishops Cannings			
Bishops Castle			
Bishops Caundle			
Bishops Itchington			
Bishops Nympton			
Bishops Stortford			
Bishops Tachbrook			
Bishops Tawton			
Bishops Waltham			
Bishops Wood			
Bishopsteignton			
Bishopstoke			
Bishopton			
Bisley			
Bispham			
Bitterley			
Bitteswell			
Bitton			
Blaby			
Black Torrington			
Blackawton			
Blackboys			
Blackburn			
Blackford			
Blackfordby			
Blackhall Colliery			
Blackheath			
Blackhill			
Blackmore			
Blacko			
Blackpool			
Blackwater			
Blackwell			
Blackwood			
Blaenau Ffestiniog			
Blaenavon			
Blaengarw			
Blaenporth			
Blagdon			
Blaina			
Blakeney			
Blakesley			
Blandford Camp			
Blandford Forum			
Blandford St Mary			
Blaydon			
Blean			
Bleasby			
Bleasdale			
Bledington			
Bledlow Ridge			
Blennerhasset			
Bletchingdon			
Bletchingley			
Bletchley			
Blisworth			
Blockley			
Bloxham			
Bloxwich			
Blundellsands			
Blunham			
Bluntisham			
Blyth			
Blythe Bridge			
Bobbing			
Bobbington			
Bodenham			
Bodiam			
Bodicote			
Bodmin			
Bodorgan			
Bodsham			
Bognor Regis			
Boldon Colliery			
Boldre			
Bolham			
Bollington			
Bolney			
Bolsover			
Bolton			
Bolton By Bowland			
Bolton Le Sands			
Bonsall			
Bontddu			
Bookham			
Boosbeck			
Bootle			
Borden			
Bordon			
Borehamwood			
Boroughbridge			
Borrowash			
Borrowdale			
Borth			
Borth Y Gest			
Boscastle			
Bosham			
Bosley			
Boston			
Botesdale			
Bothel			
Bottesford			
Bottisham			
Botwnnog			
Boughton			
Boughton Under Blean			
Bourn			
Bourne			
Bourne End			
Bournemouth			
Bournmoor			
Bourton			
Bourton-On-The-Water			
Bovey Tracey			
Bovingdon			
Bovington			
Bow			
Bow Brickhill			
Bowburn			
Bowdon			
Bowerhill			
Bowes			
Bowgreave			
Bowness On Solway			
Bowness On Windermere			
Box			
Boxgrove			
Boxted			
Boynton			
Brabourne			
Brackley			
Bracknell			
Bradfield			
Bradford			
Bradford Abbas			
Bradford On Avon			
Brading			
Bradley			
Bradley Stoke			
Bradninch			
Bradwell			
Bradwell-On-Sea			
Bradworthy			
Brafferton			
Brailes			
Brailsford			
Braintree			
Braishfield			
Braithwaite			
Brambridge			
Bramcote			
Bramdean			
Bramfield			
Bramford			
Bramley			
Bramley Vale			
Brampford Speke			
Brampton			
Brancaster			
Brandesburton			
Brandon			
Branscombe			
Bransgore			
Branston			
Branton			
Brassington			
Bratton			
Bratton Clovelly			
Bratton Fleming			
Braughing			
Braunston			
Braunstone Town			
Braunton			
Braybrooke			
Brayford			
Breadsall			
Breage			
Bream			
Breamore			
Breckenbrough			
Brecon			
Bredenbury			
Bredgar			
Bredhurst			
Bredon			
Brentford			
Brentwood			
Brenzett			
Brereton			
Bressingham			
Bretforton			
Bretherton			
Brewood			
Bridestowe			
Bridge			
Bridgend			
Bridgerule			
Bridgnorth			
Bridgwater			
Bridlington			
Bridport			
Bridstow			
Briercliffe			
Brierfield			
Brierley Hill			
Brigg			
Brigham			
Brighouse			
Brighstone			
Brightlingsea			
Brighton			
Brigstock			
Brill			
Brimscombe			
Brindle			
Bringhurst			
Bringsty			
Brington			
Brinklow			
Brinkworth			
Brinscall			
Brinsley			
Brisley			
Bristol			
Briston			
Britford			
Brithdir			
Briton Ferry			
Brixham			
Brixton			
Brixworth			
Brize Norton			
Broad Haven			
Broad Oak			
Broad Town			
Broadbottom			
Broadbridge Heath			
Broadclyst			
Broadhembury			
Broadhempston			
Broadmayne			
Broadstairs			
Broadwas			
Broadway			
Broadwindsor			
Broadwoodwidger			
Brockdish			
Brockenhurst			
Brockham			
Brockmoor			
Bromborough			
Bromham			
Bromley			
Brompton			
Brompton On Swale			
Bromsberrow			
Bromsgrove			
Bromyard			
Brook			
Brooke			
Brookhouse			
Brookland			
Broseley			
Brotton			
Brough			
Broughton			
Broughton Astley			
Broughton Gifford			
Broughton Moor			
Broughton-In-Furness			
Brown Edge			
Browney			
Brownhills			
Broxbourne			
Bruton			
Bryanston			
Bryn			
Bryn Y Baal			
Bryncoch			
Bryning With Warton			
Brynmawr			
Bubbenhall			
Bubwith			
Buckden			
Buckfast			
Buckfastleigh			
Buckhurst Hill			
Buckingham			
Buckland Brewer			
Buckland Newton			
Bucklesham			
Buckley			
Bucknall			
Bucknell			
Budbrooke			
Bude			
Budleigh Salterton			
Bugbrooke			
Bugle			
Buildwas			
Builth Wells			
Bulford			
Bulford Camp			
Bulphan			
Bungay			
Buntingford			
Bunwell			
Burbage			
Bures St Mary			
Burford			
Burgess Hill			
Burgh By Sands			
Burgh Heath			
Burgh Le Marsh			
Burghclere			
Burghill			
Burlescombe			
Burley			
Burley Gate			
Burneside			
Burneston			
Burnham			
Burnham Norton			
Burnham On Sea			
Burnham-On-Crouch			
Burnhope			
Burnley			
Burnopfield			
Burntwood			
Burringham			
Burrington			
Burrough Green			
Burry Port			
Burscough			
Bursledon			
Burston			
Burstwick			
Burton Agnes			
Burton Bradstock			
Burton In Kendal			
Burton Joyce			
Burton Latimer			
Burton Leonard			
Burton On The Wolds			
Burton On Trent			
Burton Pidsea			
Burton Upon Stather			
Burton Upon Trent			
Burwash			
Bury			
Bury St Edmunds			
Bushey			
Bushey Heath			
Bushmoor			
Butterknowle			
Buxted			
Buxton			
Buxworth			
Byers Green			
Byfield			
Cadbury Heath			
Caddington			
Cadmore End			
Cadoxton			
Caernarfon			
Caerphilly			
Caersws			
Caewern			
Caister-On-Sea			
Caldbeck			
Caldecote			
Caldicot			
Callington			
Callow End			
Calmore			
Calne			
Calow			
Calstock			
Calthwaite			
Calveley			
Calver			
Calverton			
Cam			
Camberley			
Cambo			
Cambois			
Camborne			
Cambourne			
Cambridge			
Camelford			
Campton			
Canewdon			
Cannock			
Canon Pyon			
Canterbury			
Canvey Island			
Capel			
Capel Bangor			
Capel Dewi (S)			
Capel Le Ferne			
Capel Seion			
Carbis Bay			
Carbrooke			
Cardiff			
Cardigan			
Carisbrooke			
Carleton Rode			
Carlin How			
Carlisle			
Carlton			
Carlton Colville			
Carlton In Cleveland			
Carlton In Lindrick			
Carlton Miniott			
Carmarthen			
Carmel			
Carnforth			
Carnkie			
Carnon Downs			
Carpenders Park			
Carshalton			
Carsington			
Carterton			
Cartmel			
Cassington			
Castle Camps			
Castle Carrock			
Castle Cary			
Castle Donington			
Castle Hedingham			
Castleford			
Castlemorton			
Castleside			
Castleton			
Caston			
Castor			
Caterham			
Catfield			
Caton			
Catsfield			
Catshill			
Catterick Garrison			
Catterick Village			
Caunton			
Caverswall			
Cefn Ddwysarn			
Cefn Fforest			
Cefn Hengoed			
Cellarhead			
Cemaes Bay			
Cerne Abbas			
Cerrigydrudion			
Chacewater			
Chacombe			
Chadderton			
Chaddesley Corbett			
Chadlington			
Chadwell Heath			
Chadwell St Mary			
Chagford			
Chailey			
Chaldon			
Chalfont St Giles			
Chalfont St Peter			
Challock			
Chalton			
Chandler'S Ford			
Chandlers Ford			
Chapel Brampton			
Chapel St Leonards			
Chapel-En-Le-Frith			
Chapmanslade			
Chappel			
Chard			
Charfield			
Charing			
Charlbury			
Charlesworth			
Charlton			
Charlton On Otmoor			
Charlwood			
Charmouth			
Charnock Richard			
Charsfield			
Chartham			
Chartridge			
Chatburn			
Chatham			
Chatteris			
Chawleigh			
Cheadle			
Cheam			
Checkley			
Cheddar			
Cheddleton			
Chelford			
Chelmondiston			
Chelmsford			
Chelsham			
Cheltenham			
Chenies			
Chepstow			
Cherhill			
Cheriton			
Cheriton Bishop			
Cheriton Fitzpaine			
Cherry Burton			
Chertsey			
Cheselbourne			
Chesham			
Chesham Bois			
Cheshunt			
Chessington			
Chester			
Chester-Le-Street			
Chesterfield			
Chesterton			
Cheswardine			
Cheveley			
Chichester			
Chickerell			
Chiddingly			
Chiddingstone			
Chidham			
Chigwell			
Child Okeford			
Childs Ercall			
Chilham			
Chillerton			
Chilmark			
Chilton			
Chilton Foliat			
Chilwell			
Chilworth			
Chineham			
Chingford			
Chinley			
Chinnor			
Chippenham			
Chipping			
Chipping Campden			
Chipping Norton			
Chipping Sodbury			
Chipping Warden			
Chipstead			
Chirbury			
Chirton			
Chislehurst			
Chislet			
Chiswick			
Chittlehampton			
Chop Gate			
Choppington			
Chopwell			
Chorley			
Chorleywood			
Chrishall			
Christchurch			
Christian Malford			
Christow			
Christs Hospital			
Chudleigh			
Chudleigh Knighton			
Chulmleigh			
Church			
Church Brough			
Church Langton			
Church Lawton			
Church Lench			
Church Stretton			
Church Village			
Churcham			
Churchill			
Churchtown			
Chwilog			
Cilcennin			
Ciliau Aeron			
Cimla			
Cinderford			
Cirencester			
Clacton On Sea			
Claines			
Clanfield			
Clapham			
Clare			
Claughton			
Claverdon			
Clavering			
Claverley			
Clawton			
Clay Cross			
Claybrooke Parva			
Claydon			
Clayhanger			
Clayton-Le-Woods			
Cleadon			
Cleator Moor			
Cleckheaton			
Clee Hill			
Cleethorpes			
Cleeve			
Cleeve Prior			
Clehonger			
Clenchwarton			
Clent			
Cleobury Mortimer			
Clevedon			
Cliddesden			
Clifton			
Clifton On Teme			
Clifton Upon Dunsmore			
Climping			
Clipston			
Clipstone			
Clitheroe			
Cliviger			
Clock Face			
Clophill			
Close House			
Clowne			
Clun			
Clunbury			
Clunderwen			
Clyne			
Clyst Hydon			
Clyst St George			
Clyst St Mary			
Coalpit Heath			
Coalville			
Coalway			
Coanwood			
Coates			
Coberley			
Cobham			
Cockerham			
Cockermouth			
Cockfield			
Cockshutt			
Cockwood			
Coddington			
Codford			
Codicote			
Codsall			
Coed Hirwaun			
Cogenhoe			
Coggeshall			
Colburn			
Colby			
Colchester			
Cold Aston			
Cold Norton			
Coldwaltham			
Coleford			
Colehill			
Coleorton			
Colerne			
Coleshill			
Colgate			
Colkirk			
Collingbourne Ducis			
Collingham			
Colne			
Colne Engaine			
Colsterworth			
Colston Bassett			
Colwall			
Colwinston			
Colwyn Bay			
Colyford			
Colyton			
Combe			
Combe Martin			
Comberton			
Combs			
Comins Coch			
Compton			
Congerstone			
Congleton			
Congresbury			
Coningsby			
Coniston			
Connahs Quay			
Connor Downs			
Consett			
Constantine			
Conwy			
Cooksbridge			
Coombe Bissett			
Copdock And Washbrook			
Copford			
Cople			
Copplestone			
Coppull			
Copster Green			
Copthorne			
Copythorne			
Corbridge			
Corby			
Corfe Castle			
Corfe Mullen			
Cornforth			
Cornhill-On-Tweed			
Cornwood			
Corpusty			
Corringham			
Corse			
Corse Lawn			
Corsham			
Corton			
Corwen			
Cosby			
Coseley			
Cosgrove			
Cossington			
Costessey			
Costock			
Cotehill			
Cotgrave			
Cotherstone			
Coton			
Cottenham			
Cottesmore			
Cottingham			
Cotton			
Cotton End			
Coughton			
Coulsdon			
Coundon			
Countesthorpe			
Coven			
Coventry			
Coverack			
Cowbridge			
Cowes			
Cowfold			
Cowshill			
Coxheath			
Coxhoe			
Cradley			
Cradley Heath			
Craghead			
Crakehall			
Cramlington			
Cranborne			
Cranbrook			
Cranfield			
Cranford			
Cranleigh			
Crantock			
Craven Arms			
Crawley			
Crawley Down			
Crayke			
Creaton			
Credenhill			
Crediton			
Creeting St Mary			
Cressing			
Creswell			
Crewe			
Crewkerne			
Cribyn			
Criccieth			
Crick			
Crickhowell			
Cricklade			
Crieff			
Crockerton			
Crockham Hill			
Croesor			
Cromer			
Cromford			
Cromhall			
Cronton			
Crook			
Cropredy			
Cropthorne			
Cropwell Bishop			
Crosby			
Crosby On Eden			
Crosby Ravensworth			
Cross Inn			
Crosskeys			
Croston			
Crowborough			
Crowcombe			
Crowhurst			
Crowle			
Crowthorne			
Croxley Green			
Croxton Kerrial			
Croydon			
Crudwell			
Crumlin			
Cryers Hill			
Crymych			
Crynant			
Cubert			
Cuckfield			
Cuckney			
Culford			
Culgaith			
Cullercoats			
Cullompton			
Culmstock			
Culworth			
Cummersdale			
Cumwhinton			
Cundall			
Curdridge			
Curdworth			
Cusgarne			
Cutnall Green			
Cutthorpe			
Cwm Y Glo			
Cwmavon			
Cwmbran			
Cwmcarn			
Cwmfelinfach			
Cwmgors			
Cymmer			
Dacre			
Dagenham			
Dagnall			
Dale Abbey			
Dallington			
Dalston			
Dalton			
Dalton-In-Furness			
Dalwood			
Dane End			
Danehill			
Danesmoor			
Darenth			
Darite			
Darlaston			
Darley			
Darley Bridge			
Darley Dale			
Darlington			
Dartford			
Dartington			
Dartington Hall			
Dartmouth			
Darwen			
Datchworth			
Dauntsey			
Daventry			
Davyhulme			
Dawlish			
Deal			
Dean			
Deanshanger			
Dearham			
Debden			
Debenham			
Deddington			
Dedham			
Deeping St James			
Defford			
Deganwy			
Deiniolen			
Delabole			
Delph			
Denbigh			
Denbury			
Denham			
Denham Green			
Denholme			
Denmead			
Dennington			
Denshaw			
Denstone			
Dent			
Denton			
Dentons Green			
Denver			
Deptford			
Derby			
Dereham			
Deri			
Derry Hill			
Dersingham			
Desford			
Detling			
Devizes			
Devoran			
Dewsbury			
Dibden Purlieu			
Dickleburgh			
Didcot			
Diddlebury			
Diggle			
Dilhorne			
Dilton Marsh			
Dilwyn			
Dinas Powys			
Diptford			
Dipton			
Diseworth			
Dishforth			
Dishforth Airfield			
Disley			
Diss			
Distington			
Ditchingham			
Ditton Priors			
Dobcross			
Dobwalls			
Docking			
Doddington			
Doddiscombsleigh			
Dodford			
Dolgellau			
Dolphinholme			
Dolton			
Dolwyddelan			
Doncaster			
Donhead St Mary			
Donington On Bain			
Donisthorpe			
Dorchester			
Dorking			
Dormansland			
Dorney Reach			
Dovenby			
Dover			
Dovercourt			
Doveridge			
Down Ampney			
Downderry			
Downend			
Downham Market			
Downley			
Downton			
Drakes Broughton			
Draycott			
Draycott In The Clay			
Drayton Parslow			
Driffield			
Droitwich Spa			
Dronfield			
Dronfield Woodhouse			
Droop			
Droxford			
Droylsden			
Drury			
Drybrook			
Dudley			
Duffryn Rhondda			
Dukinfield			
Dullingham			
Duloe			
Dulverton			
Dunchurch			
Dundry			
Dunham On Trent			
Dunkirk			
Dunnington			
Dunsford			
Dunsop Bridge			
Dunstable			
Dunster			
Dunston			
Dunswell			
Dunton			
Dunton Bassett			
Durdar			
Durham			
Durley			
Durrington			
Dursley			
Durweston			
Dyffryn Ardudwy			
Dyffryn Cellwen			
Dymchurch			
Dymock			
Eaglescliffe			
Eaglesfield			
Ealing			
Earby			
Eardisley			
Earith			
Earl Shilton			
Earl Sterndale			
Earley			
Earls Colne			
Earsham			
Eartham			
Easebourne			
Easington			
Easington Village			
Easingwold			
East Allington			
East Anstey			
East Bergholt			
East Boldon			
East Bridgford			
East Budleigh			
East Claydon			
East Cowes			
East Cowick			
East Cowton			
East End			
East Farleigh			
East Goscote			
East Grafton			
East Grinstead			
East Haddon			
East Halton			
East Hoathly			
East Langdon			
East Lavington			
East Leake			
East Looe			
East Markham			
East Molesey			
East Preston			
East Ravendale			
East Rudham			
East Ruston			
East Taphouse			
East The Water			
East Tilbury			
East Tuddenham			
East Winch			
East Worlington			
Eastbourne			
Eastchurch			
Eastcote			
Eastergate			
Eastham			
Eastington			
Eastleigh			
Eastling			
Eastnor			
Eastoft			
Easton			
Easton On The Hill			
Easton Royal			
Eastrington			
Eastry			
Eastwood			
Eaton Bray			
Eaton Ford			
Eaton Socon			
Ebbw Vale			
Ebchester			
Ecchinswell			
Eccles			
Eccleston			
Eccleston Park			
Eckington			
Edale			
Edern			
Edgware			
Edinburgh			
Edith Weston			
Edlesborough			
Edmonton			
Edwalton			
Edwinstowe			
Effingham			
Egerton			
Egham			
Eglingham			
Eglwysbach			
Egremont			
Elham			
Elkesley			
Elland			
Ellesmere			
Ellesmere Port			
Ellingham			
Ellington			
Ellistown			
Elloughton			
Ellwood			
Elm			
Elmbridge			
Elmley Castle			
Elmstead			
Elmswell			
Elsenham			
Elston			
Elstow			
Elstree			
Elsworth			
Eltham			
Eltisley			
Elton			
Elveden			
Ely			
Emberton			
Embleton			
Emersons Green			
Emneth			
Empingham			
Emsworth			
Enderby			
Endmoor			
Endon			
Enfield			
Englefield Green			
English Bicknor			
Ennerdale			
Enstone			
Epping			
Eppleby			
Epsom			
Epsom Downs			
Epworth			
Erith			
Ermington			
Erpingham			
Escomb			
Esh			
Esh Winning			
Esher			
Eston			
Etchingham			
Ettington			
Euxton			
Evenwood			
Eversholt			
Evershot			
Everton			
Evesham			
Ewell			
Ewloe			
Ewyas Harold			
Exbourne			
Exeter			
Exford			
Exminster			
Exmouth			
Exning			
Exton			
Eyam			
Eye			
Eyke			
Eynesbury			
Eynsford			
Eynsham			
Eythorne			
Failsworth			
Fair Oak			
Fairfield			
Fairford			
Fairford Leys			
Fairlands			
Fakenham			
Falmouth			
Fangfoss			
Farcet			
Fareham			
Faringdon			
Farington			
Farley Hill			
Farnborough			
Farndon			
Farnham			
Farnham Common			
Farnham Royal			
Farnsfield			
Farthinghoe			
Farway			
Faversham			
Fawkham			
Fawley			
Featherstone			
Feering			
Felbridge			
Felixstowe			
Felling			
Felliscliffe			
Felmersham			
Felpham			
Felsted			
Feltham			
Felton			
Feltwell			
Fen Ditton			
Fen Drayton			
Fence			
Feniton			
Fenny Bentley			
Fenny Compton			
Fenstanton			
Ferndale			
Ferndown			
Fernhill Heath			
Fernhurst			
Ferring			
Ferryhill			
Ferryside			
Fetcham			
Ffostrasol			
Figheldean			
Filby			
Filey			
Filgrave			
Filleigh			
Filton			
Finchampstead			
Finchingfield			
Findon			
Fingringhoe			
Finmere			
Finstock			
Firle			
Fishbourne			
Fishburn			
Fishguard			
Fittleworth			
Five Ashes			
Flackwell Heath			
Fladbury			
Flagg			
Flamborough			
Flash			
Flax Bourton			
Fleckney			
Fleet			
Fleetwood			
Fletching			
Fleur-De-Lis			
Flimby			
Flint			
Flint Mountain			
Flintham			
Flitch Green			
Flitcham			
Flitwick			
Flixton			
Flookburgh			
Flore			
Flyford Flavell			
Fochriw			
Folkestone			
Folksworth			
Follifoot			
Fontmell Magna			
Ford			
Fordcombe			
Fordham			
Fordham Heath			
Fordingbridge			
Forest Hall			
Forest Row			
Forest Town			
Forest-In-Teesdale			
Formby			
Forton			
Foulridge			
Four Lanes			
Fowey			
Fowlmere			
Fownhope			
Foxhole			
Foxton			
Framfield			
Framingham Earl			
Framlingham			
Frampton Cotterell			
Frampton On Severn			
Framwellgate Moor			
Frant			
Freckleton			
Freeland			
Fremington			
Frenchay			
Freshwater			
Friday Bridge			
Frieth			
Fringford			
Frinton On Sea			
Frisby On The Wreake			
Fritwell			
Frizington			
Frodsham			
Frome			
Frosterley			
Froxfield			
Fulmer			
Fulstow			
Funtington			
Furness Vale			
Furneux Pelham			
Gaddesby			
Gaerwen			
Gainford			
Gainsborough			
Galgate			
Gamlingay			
Ganllwyd			
Garboldisham			
Garden City			
Garforth			
Garlinge Green			
Garndolbenmaen			
Garstang			
Garton On The Wolds			
Garvestone			
Garway			
Gatenby			
Gateshead			
Gawsworth			
Gayle			
Gayton			
Gazeley			
Gedling			
Gelligaer			
Gellilydan			
Gembling			
Georgeham			
Germoe			
Gerrans			
Gerrards Cross			
Gilberdyke			
Gilesgate			
Gilfach			
Gilfach Goch			
Gillingham			
Gilmorton			
Gilsland			
Gilwern			
Gipsey Bridge			
Gisburn			
Gislingham			
Glan-Y-Nant			
Glapthorn			
Glasshouses			
Glasson Dock			
Glastonbury			
Glemsford			
Glen Parva			
Glenfield			
Glinton			
Glossop			
Gloucester			
Glyncorrwg			
Glynneath			
Gobowen			
Godalming			
Godmanchester			
Godolphin Cross			
Godshill			
Godstone			
Goffs Oak			
Golborne			
Goldsborough			
Gomeldon			
Goodleigh			
Goodnestone			
Goodrich			
Goodwick			
Goodworth Clatford			
Goole			
Goonhavern			
Goostrey			
Gorefield			
Gorsley			
Gosfield			
Gosforth			
Gosport			
Gotham			
Goxhill			
Goytre			
Graffham			
Graig-Y-Rhacca			
Grainthorpe			
Grampound			
Grange Over Sands			
Grange Park			
Grangetown			
Grantham			
Grantley			
Grasmere			
Grasscroft			
Grassmoor			
Grateley			
Graveley			
Graveney			
Gravenhurst			
Gravesend			
Grays			
Grazeley			
Greasby			
Great Abington			
Great Addington			
Great Alne			
Great Amwell			
Great Asby			
Great Ayton			
Great Bardfield			
Great Barford			
Great Barr			
Great Barton			
Great Bedwyn			
Great Bentley			
Great Bircham			
Great Bowden			
Great Brickhill			
Great Bromley			
Great Broughton			
Great Casterton			
Great Chart			
Great Chesterford			
Great Cheverell			
Great Clifton			
Great Coates			
Great Corby			
Great Cornard			
Great Dalby			
Great Dunham			
Great Dunmow			
Great Easton			
Great Eccleston			
Great Ellingham			
Great Finborough			
Great Gaddesden			
Great Gidding			
Great Glen			
Great Gonerby			
Great Gransden			
Great Hallingbury			
Great Harwood			
Great Hockham			
Great Horkesley			
Great Hormead			
Great Horwood			
Great Hucklow			
Great Kimble			
Great Kingshill			
Great Longstone			
Great Lumley			
Great Missenden			
Great Mongeham			
Great Notley			
Great Oakley			
Great Paxton			
Great Ponton			
Great Rissington			
Great Rollright			
Great Salkeld			
Great Sampford			
Great Shelford			
Great Smeaton			
Great Somerford			
Great Staughton			
Great Steeping			
Great Tew			
Great Tey			
Great Totham			
Great Urswick			
Great Wakering			
Great Waldingfield			
Great Warley			
Great Whelnetham			
Great Wilbraham			
Great Wishford			
Great Witley			
Great Wyrley			
Great Yarmouth			
Great Yeldham			
Greatstone			
Greatworth			
Greenfield			
Greenford			
Greenhaugh			
Greenhead			
Greenhithe			
Greens Norton			
Greenwich			
Grendon			
Grendon Underwood			
Gretton			
Grewelthorpe			
Greystoke			
Griffydam			
Grimley			
Grimoldby			
Grimsby			
Grindleford			
Grindleton			
Gringley On The Hill			
Grinshill			
Grittleton			
Groby			
Gronant			
Grosmont			
Grundisburgh			
Guestling			
Guide Post			
Guilden Morden			
Guildford			
Guilsborough			
Guisborough			
Guiseley			
Gulval			
Gulworthy			
Gunnerside			
Gunthorpe			
Guston			
Guyhirn			
Gwaun Cae Gurwen			
Gwinear			
Hackbridge			
Hackforth			
Hackleton			
Hackney			
Hackthorpe			
Haddenham			
Hadleigh			
Hadlow Down			
Hadnall			
Hagley			
Haigh			
Hailsham			
Halam			
Halberton			
Hale			
Hale Barns			
Halesowen			
Halesworth			
Halewood			
Halfway			
Halifax			
Hallaton			
Hallbankgate			
Hallow			
Halsall			
Halstead			
Halton			
Halton Holegate			
Haltwhistle			
Halwill Junction			
Ham			
Hamble-Le-Rice			
Hambledon			
Hambleton			
Hambrook			
Hampreston			
Hampsthwaite			
Hampton			
Hampton Hill			
Hampton Lucy			
Hampton Wick			
Hamsterley			
Hanbury			
Handcross			
Handforth			
Hanham			
Hanley Castle			
Hanley Swan			
Hanslope			
Hanwell			
Hanworth			
Happisburgh			
Hapton			
Harbertonford			
Harbledown			
Harborough Magna			
Harbottle			
Harbury			
Harby			
Hardwick			
Hardwicke Hay-On-Wye			
Harefield			
Harelaw			
Harestock			
Harlech			
Harleston			
Harling			
Harlington			
Harlow			
Harlow Wood			
Harpenden			
Harpley			
Harpole			
Harrington			
Harrogate			
Harrold			
Harrow			
Harrow Weald			
Hartest			
Hartfield			
Hartford			
Hartington			
Hartland			
Hartlebury			
Hartlepool			
Hartley			
Hartlip			
Hartshill			
Hartwell			
Harvington			
Harwich			
Harworth			
Haselor			
Haslemere			
Haslington			
Hassocks			
Hastings			
Haswell			
Hatfield			
Hatfield Broad Oak			
Hatfield Heath			
Hatfield Peverel			
Hatherleigh			
Hathern			
Hatherop			
Hathersage			
Haughley			
Hauxton			
Havant			
Haverfordwest			
Haverhill			
Haverigg			
Hawarden			
Hawkinge			
Hawkshead			
Hawkwell			
Hawridge			
Haxey			
Haydock			
Haydon Bridge			
Hayes			
Hayfield			
Hayle			
Hayling Island			
Haynes			
Hayton			
Haywards Heath			
Hazlemere			
Heacham			
Headcorn			
Headley			
Healey			
Healing			
Heamoor			
Heanor			
Heath			
Heath And Reach			
Heather			
Heathfield			
Hebburn			
Hebden Bridge			
Heckmondwike			
Heddington			
Heddon-On-The-Wall			
Hedge End			
Hedon			
Heighington			
Hellingly			
Helmdon			
Helmingham			
Helmsley			
Helston			
Hemel Hempstead			
Hemingford Grey			
Hemington			
Hempnall			
Hemsby			
Hemyock			
Henfield			
Hengoed			
Henham			
Henley			
Henley-In-Arden			
Henley-On-Thames			
Henlow			
Henshaw			
Hensingham			
Henstead			
Hereford			
Herne			
Herne Bay			
Hersden			
Hertford			
Hertford Heath			
Hertingfordbury			
Hesketh Bank			
Heskin			
Hesleden			
Hessle			
Hest Bank			
Heswall			
Hethersett			
Hever			
Hewish			
Hexham			
Hextable			
Hexton			
Heybridge			
Heysham			
Heytesbury			
Heywood			
Hibaldstow			
Hickling			
High Bickington			
High Coniscliffe			
High Cross			
High Halden			
High Hesket			
High Legh			
High Lorton			
High Pittington			
High Shincliffe			
High Wych			
High Wycombe			
Higham			
Higham Ferrers			
Higham On The Hill			
Highampton			
Highbridge			
Highclere			
Higher Bebington			
Higher Clovelly			
Highley			
Hilgay			
Hill			
Hillesley			
Hilmarton			
Hilperton			
Himbleton			
Hinckley			
Hindhead			
Hindley			
Hindley Green			
Hindon			
Hindringham			
Hingham			
Hinstock			
Hintlesham			
Hinton St George			
Hirwaun			
Histon			
Hitcham			
Hitchin			
Hoath			
Hockering			
Hockley			
Hockliffe			
Hockwold Cum Wilton			
Hoddesdon			
Hodnet			
Hodthorpe			
Hogsthorpe			
Holbeton			
Holbrook			
Holbury			
Holcombe Rogus			
Holland On Sea			
Hollesley			
Hollingbourne			
Hollingworth			
Hollywood			
Holme			
Holme Lacy			
Holme Upon Spalding Moor			
Holmer Green			
Holmes Chapel			
Holmesfield			
Holmfirth			
Holsworthy			
Holt			
Holton			
Holton Le Clay			
Holy Island			
Holyhead			
Holymoorside			
Holystone			
Holywell			
Honeybourne			
Honington			
Honiton			
Hook			
Hook Norton			
Hope			
Hope-Under-Dinmore			
Hopton Wafers			
Hopton-On-Sea			
Horam			
Horden			
Hordle			
Horley			
Hornby			
Horncastle			
Hornchurch			
Horndon On The Hill			
Horne			
Horningsham			
Hornsea			
Horrabridge			
Horringer			
Horsforth			
Horsham			
Horsley			
Horsted Keynes			
Horton			
Horton Kirby			
Horwich			
Hose			
Hothfield			
Houghton			
Houghton Conquest			
Houghton On The Hill			
Houghton Regis			
Houghton-Le-Spring			
Hounslow			
Hove			
Hoveton			
Hovingham			
Howden			
Howden-Le-Wear			
Hoxne			
Hoylake			
Huby			
Hucknall			
Huddersfield			
Hugglescote			
Hughenden Valley			
Hullavington			
Hullbridge			
Humberston			
Humshaugh			
Huncote			
Hundon			
Hungerford			
Hunstanton			
Huntingdon			
Huntington			
Huntley			
Hunton			
Hunwick			
Hurley			
Hursley			
Hurst			
Hurst Green			
Hurstbourne Tarrant			
Hurstpierpoint			
Hurworth			
Husbands Bosworth			
Husborne Crawley			
Husthwaite			
Huthwaite			
Huttoft			
Hutton			
Hutton Cranswick			
Hutton Henry			
Hutton Rudby			
Hutton Sessay			
Huyton			
Hyde			
Hythe			
Ibstock			
Ibstone			
Ickenham			
Ickford			
Ickleford			
Icklesham			
Ide			
Ide Hill			
Ilam			
Ilford			
Ilfracombe			
Ilkeston			
Ilketshall St Lawrence			
Ilkley			
Illogan			
Illogan Highway			
Ilmington			
Ilminster			
Ilsington			
Immingham			
Impington			
Ince			
Ingatestone			
Ingleby Barwick			
Ingleby Greenhow			
Ingleton			
Ingoldisthorpe			
Ingrave			
Inkberrow			
Inskip			
Instow			
Ipplepen			
Ipstones			
Ipswich			
Ireby			
Irlam			
Iron Acton			
Irthington			
Irthlingborough			
Isleham			
Isleworth			
Islip			
Itchen Abbas			
Itchingfield			
Ivegill			
Iver			
Iver Heath			
Ivinghoe			
Ivington			
Ivybridge			
Iwade			
Ixworth			
Jacksdale			
Jarrow			
Jarvis Brook			
Jaywick			
Jersey Marine			
Johnston			
Jordans			
Joys Green			
Kea			
Keadby			
Kedington			
Kegworth			
Keighley			
Kelbrook			
Kelling			
Kelloe			
Kelsale Cum Carlton			
Kelvedon			
Kemble			
Kempsey			
Kempsford			
Kempston			
Kendal			
Kenilworth			
Kenley			
Kennett			
Kennford			
Kenninghall			
Kennington			
Kensworth			
Kentisbeare			
Kentisbury			
Kenton			
Kenwyn			
Kersey			
Kesgrave			
Kessingland			
Keston			
Keswick			
Kettering			
Kettleshulme			
Ketton			
Kew			
Kewstoke			
Keyingham			
Keynsham			
Keysoe			
Keyworth			
Kibworth Beauchamp			
Kidbrooke			
Kidderminster			
Kidlington			
Kidsgrove			
Kidwelly			
Kielder			
Kilgetty			
Kilham			
Killamarsh			
Killinghall			
Killingworth			
Kilmington			
Kilsby			
Kimberley			
Kimbolton			
Kimpton			
Kineton			
King'S Lynn			
Kingham			
Kings Caple			
Kings Cliffe			
Kings Langley			
Kings Nympton			
Kings Somborne			
Kings Stanley			
Kings Sutton			
Kings Worthy			
Kingsbridge			
Kingsbury			
Kingsclere			
Kingsdown			
Kingskerswell			
Kingsley			
Kingsnorth			
Kingsteignton			
Kingston			
Kingston Maurward			
Kingston Upon Hull			
Kingston Upon Thames			
Kingston Vale			
Kingstone			
Kingswear			
Kingswinford			
Kingswood			
Kington			
Kinlet			
Kinmel Bay			
Kinoulton			
Kinver			
Kirby Cross			
Kirby Muxloe			
Kirk Ella			
Kirk Hammerton			
Kirk Ireton			
Kirk Merrington			
Kirkbampton			
Kirkbride			
Kirkby			
Kirkby Fleetham			
Kirkby In Ashfield			
Kirkby Lonsdale			
Kirkby Malzeard			
Kirkby On Bain			
Kirkby Overblow			
Kirkby Stephen			
Kirkby Thore			
Kirkby-In-Furness			
Kirkbymoorside			
Kirkham			
Kirkland			
Kirkleatham			
Kirklevington			
Kirkley			
Kirklington			
Kirklinton			
Kirkoswald			
Kirtlington			
Kirton In Lindsey			
Kislingbury			
Knaresborough			
Knayton			
Knebworth			
Kneesall			
Knighton			
Kniveton			
Knodishall			
Knottingley			
Knotty Green			
Knowsley			
Knutsford			
Knuzden			
Knypersley			
Laceby			
Lacock			
Ladock			
Laindon			
Lake			
Lakenheath			
Laleham			
Lambley			
Lamerton			
Lampeter			
Lancaster			
Lanchester			
Lancing			
Landford			
Landkey			
Landrake			
Landulph			
Lane End			
Lanercost			
Langdon Hills			
Langford			
Langham			
Langley Moor			
Langley Park			
Langleybury			
Langold			
Langport			
Langthwaite			
Langtoft			
Langton Matravers			
Langtree			
Langwathby			
Langwith Junction			
Lanner			
Lapford			
Larkhill			
Latchingdon			
Laughton			
Launceston			
Launton			
Lavant			
Lavendon			
Lavenham			
Laverstock			
Lawford			
Lawshall			
Laxfield			
Layer De La Haye			
Lazenby			
Lazonby			
Lea			
Leaden Roding			
Leadgate			
Leafield			
Leamington Spa			
Leasowe			
Leatherhead			
Lechlade			
Leck			
Leconfield			
Ledbury			
Lee Common			
Lee-On-The-Solent			
Leeds			
Leedstown			
Leek			
Leeming			
Leeming Bar			
Lees			
Lees Hill			
Leeswood			
Legbourne			
Leicester			
Leicester Forest East			
Leigh			
Leigh Sinton			
Leigh-On-Sea			
Leighterton			
Leighton			
Leighton Buzzard			
Leintwardine			
Leiston			
Leominster			
Leonard Stanley			
Lerryn			
Lesbury			
Lessingham			
Letchworth Garden City			
Leven			
Levens			
Lewdown			
Lewes			
Leweston			
Lewisham			
Ley Hill			
Leyburn			
Leyland			
Leyton			
Leytonstone			
Lichfield			
Lickey			
Lickey End			
Lidlington			
Lifton			
Lighthorne Heath			
Lightwater			
Lillyhall			
Limpsfield			
Linby			
Linchmere			
Lincoln			
Lindal-In-Furness			
Lindale			
Lindfield			
Lindridge			
Lingdale			
Lingfield			
Linslade			
Linton			
Linton On Ouse			
Liphook			
Liscard			
Liskeard			
Liss			
Litherland			
Little Bealings			
Little Bollington			
Little Brington			
Little Canfield			
Little Chalfont			
Little Clacton			
Little Compton			
Little Crosby			
Little Dewchurch			
Little Downham			
Little Eaton			
Little Gaddesden			
Little Hadham			
Little Hampden			
Little Hoole			
Little Horsted			
Little Houghton			
Little Kimble			
Little Kingshill			
Little Marlow			
Little Melton			
Little Missenden			
Little Paxton			
Little Snoring			
Little Stoke			
Little Thetford			
Little Thurlow			
Little Warley			
Little Weighton			
Little Wymondley			
Littleborough			
Littlebourne			
Littlehampton			
Littleport			
Littletown			
Littleworth			
Litton			
Litton Cheney			
Liverpool			
Liversedge			
Liverton			
Llan Ffestiniog			
Llanaelhaearn			
Llanbedr			
Llanbedrgoch			
Llanbedrog			
Llanberis			
Llanbradach			
Llanbrynmair			
Llanddewi Brefi			
Llandeilo			
Llandinam			
Llandovery			
Llandrindod Wells			
Llandudno			
Llandudno Junction			
Llandwrog			
Llandysul			
Llanegryn			
Llanelli			
Llanelltyd			
Llanfachreth			
Llanfairfechan			
Llanfairpwll			
Llanfrothen			
Llanfynydd			
Llanfyrnach			
Llangadog			
Llangammarch Wells			
Llangan			
Llangattock Vibon Avel			
Llangefni			
Llangernyw			
Llangollen			
Llangrove			
Llangwm			
Llangwyryfon			
Llanharan			
Llanharry			
Llanidloes			
Llanigon			
Llanllyfni			
Llannefydd			
Llanon			
Llanrug			
Llanrwst			
Llansannan			
Llansannor			
Llantrisant			
Llantwit Fardre			
Llantwit Major			
Llanuwchllyn			
Llanwenog			
Llanwnnen			
Llanwrda			
Llanymynech			
Llanystumdwy			
Lledrod			
Llwyngwril			
Lockeridge			
Lockerley			
Locking			
Lockington			
Loddiswell			
Loddon			
Loftus			
London			
London Colney			
Long Ashton			
Long Bennington			
Long Buckby			
Long Clawson			
Long Compton			
Long Eaton			
Long Hanborough			
Long Itchington			
Long Lawford			
Long Marston			
Long Marton			
Long Melford			
Long Newton			
Long Riston			
Long Stratton			
Long Whatton			
Longbenton			
Longborough			
Longden			
Longdon			
Longfield			
Longford			
Longhorsley			
Longhoughton			
Longnor			
Longridge			
Longstanton			
Longton			
Longtown			
Longwell Green			
Longwick			
Looe			
Lostock Hall			
Lostwithiel			
Loudwater			
Loughborough			
Loughton			
Lound			
Louth			
Lovacott			
Lover			
Lowca			
Lower Beeding			
Lower Broadheath			
Lower Brynamman			
Lower Gornal			
Lower Halstow			
Lower Harlestone			
Lower Kingswood			
Lower Pilsley			
Lower Quinton			
Lower Swell			
Lower Westwood			
Lower Willingdon			
Lowestoft			
Lowgill			
Lowick			
Lowton			
Loxley			
Loxwood			
Lubenham			
Luckington			
Lucton			
Luddenham			
Luddington			
Ludford			
Ludgershall			
Ludgvan			
Ludham			
Ludlow			
Ludworth			
Lugwardine			
Luston			
Luton			
Lutterworth			
Luxulyan			
Lydbrook			
Lydbury North			
Lydd			
Lydden			
Lydford			
Lydiard Millicent			
Lydiate			
Lydney			
Lyme Regis			
Lyminge			
Lymington			
Lympstone			
Lyndhurst			
Lyneham			
Lynemouth			
Lyng			
Lynsted			
Lynton			
Lytchett Matravers			
Lytchett Minster			
Lytham St Annes			
Mabe Burnthouse			
Mablethorpe			
Macclesfield			
Machen			
Machynlleth			
Madley			
Madresfield			
Madron			
Maenclochog			
Maes Pennant			
Maesbury			
Maesteg			
Maesycwmmer			
Maghull			
Maidenhead			
Maids Moreton			
Maidstone			
Maidwell			
Malborough			
Maldon			
Malmesbury			
Malpas			
Malton			
Malvern			
Manby			
Manchester			
Mancot			
Manea			
Mangotsfield			
Mansfield			
Mansfield Woodhouse			
Manton			
Manuden			
Maple Cross			
Mapperley			
Mappleborough Green			
Marazion			
March			
Marchington			
Marchwood			
Marden			
Mareham Le Fen			
Maresfield			
Margam			
Margate			
Marham			
Mark Cross			
Market Bosworth			
Market Deeping			
Market Drayton			
Market Harborough			
Market Lavington			
Market Rasen			
Market Weighton			
Markfield			
Markham			
Markington			
Marks Tey			
Markyate			
Marlborough			
Marldon			
Marlow			
Marlow Bottom			
Marnhull			
Marsh Gibbon			
Marsh Lane			
Marshchapel			
Marshfield			
Marshland St James			
Marshwood			
Marske By The Sea			
Marston			
Marston Montgomery			
Marston Moretaine			
Marsworth			
Martham			
Martlesham			
Martley			
Martock			
Marton			
Marton Cum Grafton			
Mary Tavy			
Maryport			
Masham			
Matlock			
Matlock Bath			
Maulden			
Mawbray			
Mawdesley			
Mawgan			
Mawnan Smith			
Mayfield			
Mayland			
Measham			
Meavy			
Meden Vale			
Medlar With Wesham			
Medmenham			
Medomsley			
Meifod			
Melbourn			
Meldreth			
Melksham			
Melling			
Mellis			
Mellor			
Melsonby			
Melton			
Melton Mowbray			
Membury			
Menai Bridge			
Mendham			
Mendlesham			
Menheniot			
Meols			
Meonstoke			
Mepal			
Meppershall			
Mere			
Merriott			
Mersham			
Merstham			
Merthyr Tydfil			
Merton			
Messing			
Messingham			
Methwold			
Meysey Hampton			
Michaelchurch Escley			
Micheldever			
Mickleham			
Mickley			
Middle Barton			
Middle Woodford			
Middleham			
Middlesbrough			
Middleton			
Middleton By Wirksworth			
Middleton Cheney			
Middleton On The Wolds			
Middleton St George			
Middleton Tyas			
Middleton-In-Teesdale			
Middlewich			
Midhurst			
Midsomer Norton			
Milborne Port			
Milborne St Andrew			
Milburn			
Mildenhall			
Mileham			
Milford Haven			
Milford-On-Sea			
Mill End			
Milland			
Millbrook			
Millom			
Milltown			
Milnrow			
Milnthorpe			
Milstead			
Milton			
Milton Abbas			
Milton Abbot			
Milton Ernest			
Milton Keynes			
Milton Malsor			
Milton On Stour			
Minchinhampton			
Minehead			
Minety			
Minster Lovell			
Minster-On-Sea			
Minsterworth			
Mirfield			
Misson			
Misterton			
Mistley			
Mitcham			
Mitcham Junction			
Mitcheldean			
Mobberley			
Modbury			
Moggerhanger			
Moira			
Mold			
Molescroft			
Monkleigh			
Monks Eleigh			
Monks Kirby			
Monks Risborough			
Monkton Farleigh			
Monmouth			
Montacute			
Montgomery			
Monyash			
Moor Row			
Moorside			
Morchard Bishop			
Morda			
Morden			
Mordiford			
Morecambe			
Moresby Parks			
Moreton			
Moreton Morrell			
Moreton-In-Marsh			
Moretonhampstead			
Morfa Nefyn			
Morland			
Morley			
Morley St Botolph			
Morley St Peter			
Morpeth			
Morton			
Morton On Swale			
Mossley			
Mosterton			
Motcombe			
Mottram			
Mottram St Andrew			
Moulton			
Mount Hawke			
Mountain Ash			
Mountfield			
Mountsorrel			
Mousehole			
Mow Cop			
Moxley			
Much Birch			
Much Dewchurch			
Much Hadham			
Much Marcle			
Much Wenlock			
Mulbarton			
Mullion			
Mundesley			
Mundford			
Murrow			
Musbury			
Myddle			
Mylor Bridge			
Mynnyddbach			
Mynydd Isa			
Mynytho			
Nacton			
Nafferton			
Nailsea			
Nailstone			
Nailsworth			
Nancledra			
Nanpean			
Nant-Y-Moel			
Nantlle			
Nantwich			
Napton-On-The-Hill			
Narberth			
Narborough			
Naseby			
Nassington			
Nateby			
Natland			
Nayland With Wissington			
Neath			
Neath Abbey			
Neatishead			
Nebo			
Necton			
Needham Market			
Needingworth			
Nefyn			
Nelson			
Nenthead			
Neston			
Nether Alderley			
Nether Kellet			
Nether Langwith			
Nether Wallop			
Nether Wyresdale			
Netheravon			
Netherfield			
Netherton			
Netley Abbey			
Nettlestone			
Nettlesworth			
New Ash Green			
New Brancepeth			
New Brighton			
New Ferry			
New Hartley			
New Holland			
New Leake			
New Longton			
New Malden			
New Marske			
New Mills			
New Milton			
New Quay			
New Romney			
New Tupton			
New Waltham			
New York			
Newark On Trent			
Newbiggin-By-The-Sea			
Newbold			
Newbold Verdon			
Newbold-On-Stour			
Newborough			
Newbridge			
Newbrough			
Newburgh			
Newbury			
Newcastle			
Newcastle Emlyn			
Newcastle Under Lyme			
Newcastle Upon Tyne			
Newchurch			
Newdigate			
Newent			
Newhaven			
Newick			
Newington			
Newlyn			
Newmarket			
Newnham			
Newport			
Newport Pagnell			
Newquay			
Newstead			
Newthorpe			
Newton			
Newton Abbot			
Newton Aycliffe			
Newton Blossomville			
Newton Burgoland			
Newton Ferrers			
Newton Flotman			
Newton Hall			
Newton Le Willows			
Newton Poppleford			
Newton St Cyres			
Newton Tony			
Newton With Clifton			
Newton-In-Furness			
Newtown			
Newtown Common			
Newtown Linford			
Neyland			
Ninfield			
Niton			
No Place			
Noctorum			
Nomansland			
Nonington			
Norham			
Normanby			
Normandy			
Normanton			
Normanton On Trent			
North Baddesley			
North Bradley			
North Broomhill			
North Cave			
North Cerney			
North Chailey			
North Cheam			
North Cockerington			
North Common			
North Cotes			
North Cowton			
North Crawley			
North Elmham			
North Ferriby			
North Heath			
North Holmwood			
North Kilworth			
North Leigh			
North Leverton			
North Lopham			
North Luffenham			
North Marston			
North Molton			
North Mundham			
North Muskham			
North Newbald			
North Newington			
North Nibley			
North Rigton			
North Seaton			
North Shields			
North Somercotes			
North Stainley			
North Sunderland			
North Tawton			
North Thoresby			
North Walsham			
North Waltham			
North Wingfield			
North Wootton			
Northallerton			
Northam			
Northampton			
Northborough			
Northchapel			
Northchurch			
Northease			
Northiam			
Northill			
Northleach			
Northlew			
Northolt			
Northop Hall			
Northrepps			
Northside			
Northwich			
Northwold			
Northwood			
Norton			
Norton Lindsey			
Norwell			
Norwich			
Nottingham			
Nun Monkton			
Nuneaton			
Nunthorpe			
Nursling			
Nuthall			
Nuthurst			
Nutley			
Nympsfield			
Oadby			
Oakamoor			
Oakdale			
Oakenholt			
Oakham			
Oakington And Westwick			
Oakley			
Oakthorpe			
Occold			
Ockbrook			
Odstock			
Offenham			
Offley			
Offord Darcy			
Ogbourne St George			
Ogmore Vale			
Ogwell			
Okeford Fitzpaine			
Okehampton			
Old Basing			
Old Buckenham			
Old Cleeve			
Old Dalby			
Old Goole			
Old Heathfield			
Old Hutton			
Old Newton			
Old Sodbury			
Old Stratford			
Old Trafford			
Old Tupton			
Oldbury			
Oldbury On Severn			
Oldham			
Oldland Common			
Oldswinford			
Olivers Battery			
Ollerton			
Olney			
Olveston			
Ombersley			
Onehouse			
Ongar			
Onibury			
Orchard Leigh			
Orchard Park			
Orford			
Orleton			
Ormesby			
Ormesby St Margaret W Scratby			
Ormskirk			
Orpington			
Orrell			
Orsett			
Orston			
Orton			
Orwell			
Osmaston			
Osmotherley			
Ospringe			
Ossett			
Oswaldtwistle			
Oswestry			
Otford			
Otley			
Otterbourne			
Otterburn			
Otterton			
Ottery St Mary			
Oughterside			
Oulton			
Oundle			
Ouston			
Outcast			
Outwell			
Over			
Over Kellet			
Over Peover			
Overbury			
Overstone			
Overstrand			
Overthorpe			
Overton			
Oving			
Ovingham			
Owston Ferry			
Oxford			
Oxhill			
Oxted			
Oxton			
Packington			
Padbury			
Padiham			
Padstow			
Paignton			
Painswick			
Palgrave			
Palterton			
Pamber End			
Pandy			
Pannal			
Pant			
Papworth Everard			
Par			
Parbold			
Park Royal			
Parkham			
Parracombe			
Parson Drove			
Partington			
Partney			
Parton			
Partridge Green			
Parwich			
Patchway			
Pateley Bridge			
Patrington			
Patterdale			
Pattingham			
Paulerspury			
Paull			
Payhembury			
Peacehaven			
Peak Dale			
Pease Pottage			
Peasenhall			
Peaslake			
Peasmarsh			
Pebmarsh			
Pebworth			
Pedmore			
Pelsall			
Pelton			
Pelynt			
Pembridge			
Pembroke			
Pembroke Dock			
Penarth			
Penbontrhydybeddau			
Pencader			
Pencombe			
Pendeen			
Pendock			
Pendoylan			
Penenden Heath			
Pengam			
Penisarwaun			
Penkridge			
Penmaenmawr			
Penn			
Penn Street			
Pennal			
Pennant			
Pennington			
Penrhosgarnedd			
Penrhyn Bay			
Penrhyndeudraeth			
Penrith			
Penruddock			
Penryn			
Pensby			
Penshurst			
Pensilva			
Pensnett			
Pentre			
Pentrefoelas			
Pentreuchaf			
Penwortham			
Penyffordd			
Penygroes			
Penysarn			
Penzance			
Peopleton			
Perivale			
Perranporth			
Perranwell Station			
Pershore			
Perton			
Peterborough			
Peterchurch			
Peterlee			
Peters Marland			
Petersfield			
Petersham			
Peterston Super Ely			
Petham			
Petworth			
Pewsey			
Phillipstown			
Pickering			
Pickhill			
Piddletrenthide			
Pilgrims Hatch			
Pill			
Pilley			
Pilling			
Pilning			
Pilsley			
Pimperne			
Pinewood			
Pinner			
Pinvin			
Pinxton			
Pirbright			
Pirton			
Pitsea			
Pitsford			
Pitton			
Plaistow			
Platt Bridge			
Platts Heath			
Pleasley			
Pluckley			
Plumpton			
Plumpton Green			
Plumstead			
Plumtree			
Plymouth			
Plymtree			
Pocklington			
Podington			
Polegate			
Polesworth			
Polperro			
Ponsanooth			
Pontardawe			
Pontefract			
Ponteland			
Ponterwyd			
Pontllanfraith			
Pontlottyn			
Pontshaen			
Pontyclun			
Pontycymer			
Pontypool			
Pontypridd			
Pool			
Poole			
Poringland			
Porkellis			
Porlock			
Port Clarence			
Port Sunlight			
Port Talbot			
Porth			
Porthcawl			
Porthleven			
Porthmadog			
Portishead			
Portland			
Porton			
Portreath			
Portslade			
Portsmouth			
Pott Row			
Pott Shrigley			
Potten End			
Potterne			
Potters Bar			
Potterspury			
Potton			
Poulton			
Poulton-Le-Fylde			
Powerstock			
Powick			
Poynton			
Praze An Beeble			
Prees			
Preesall			
Prenton			
Prescot			
Prestatyn			
Prestbury			
Presteigne			
Preston			
Preston Candover			
Prestwich			
Prestwood			
Princes Risborough			
Princethorpe			
Princetown			
Priors Marston			
Probus			
Prudhoe			
Puckeridge			
Pucklechurch			
Puddletown			
Pudsey			
Pulborough			
Pulham Market			
Pulloxhill			
Purbrook			
Purfleet			
Purleigh			
Purley			
Purton			
Putford			
Puttenham			
Pwllheli			
Pyworthy			
Quainton			
Quarrington Hill			
Quarry Bank			
Queenborough			
Queensferry			
Queniborough			
Quernmore			
Quidenham			
Quorn			
Rachub			
Rackenford			
Radcliffe			
Radcliffe On Trent			
Radlett			
Radnage			
Radstock			
Radwinter			
Raglan			
Rainford			
Rainham			
Rainhill			
Rainow			
Rainworth			
Rampton			
Ramsbottom			
Ramsbury			
Ramsey			
Ramsey St Marys			
Ramsgate			
Ramshaw			
Ranby			
Rangemore			
Rangeworthy			
Ranskill			
Ratby			
Rattlesden			
Raunds			
Ravensden			
Ravenshead			
Ravenstonedale			
Ravensworth			
Rawcliffe			
Rawdon			
Rayleigh			
Rayne			
Read			
Reading			
Rearsby			
Red Row			
Redbourn			
Redcar			
Redditch			
Redhill			
Redlynch			
Redmarley			
Redmile			
Redruth			
Reed			
Reedness			
Reeth			
Reigate			
Rendcomb			
Renishaw			
Resolven			
Retford			
Reydon			
Rhes-Y-Cae			
Rhiwfawr			
Rhodesia			
Rhoose			
Rhos On Sea			
Rhosesmor			
Rhosgadfan			
Rhosneigr			
Rhydlewis			
Rhydlios			
Rhydyclafdy			
Rhydymwyn			
Rhyl			
Rhymney			
Ribchester			
Richards Castle			
Richmond			
Rickling Green			
Rickmansworth			
Ridgeway			
Ridgewell			
Ridgmont			
Riding Mill			
Ringmer			
Ringsfield			
Ringshall			
Ringstead			
Ringwood			
Ripley			
Ripon			
Ripple			
Risby			
Risca			
Riseley			
Rishton			
Risley			
Rivenhall			
River			
Rivington			
Roade			
Roadhead			
Robertsbridge			
Roby			
Rocester			
Rochdale			
Rochester			
Rochford			
Rock			
Rock Ferry			
Rockbeare			
Rockbourne			
Rockcliffe			
Rockford			
Rockland St Mary			
Rocklands			
Rodbaston			
Rode Heath			
Rodmarton			
Rodmell			
Rodmersham			
Roecliffe			
Rogate			
Rollesby			
Rolleston On Dove			
Rolvenden			
Romanby			
Romford			
Romsey			
Romsley			
Rookhope			
Roos			
Rosley			
Ross-On-Wye			
Rossendale			
Roston			
Rothbury			
Rotherfield			
Rotherham			
Rothersthorpe			
Rothley			
Rothwell			
Rougham			
Roughton			
Rowde			
Roweltown			
Rowhedge			
Rowlands Gill			
Rowley Regis			
Rownhams			
Rowsley			
Roxton			
Royal Tunbridge Wells			
Royal Wootton Bassett			
Roydon			
Royston			
Royton			
Ruardean			
Rubery			
Ruddington			
Rudgwick			
Rufford			
Rugby			
Rugeley			
Ruislip			
Runcorn			
Runcton			
Rushall			
Rushbury			
Rushden			
Rushmere St Andrew			
Rushton Spencer			
Rushwick			
Rusper			
Rustington			
Ruthin			
Ruyton Xi Towns			
Ryde			
Rye			
Ryhall			
Ryton			
Ryton-On-Dunsmore			
Sabden			
Sacriston			
Saffron Walden			
Saham Toney			
Salcombe			
Sale			
Salford			
Salford Priors			
Salfords			
Salisbury			
Saltash			
Saltburn By The Sea			
Saltburn-By-The-Sea			
Salterbeck			
Salterforth			
Saltford			
Saltney			
Saltwood			
Samlesbury			
Sampford Peverell			
Sand Hutton			
Sandbach			
Sandfields			
Sandford			
Sandhurst			
Sandiacre			
Sandleheath			
Sandon			
Sandown			
Sandridge			
Sandridge Common			
Sandwich			
Sandy			
Sapcote			
Sapperton			
Sarn Bach			
Sarratt			
Saundersfoot			
Savernake			
Sawbridgeworth			
Sawley			
Sawston			
Sawtry			
Saxlingham Nethergate			
Saxmundham			
Sayers Common			
Scalford			
Scamblesby			
Scarborough			
Scarcliffe			
Scarisbrick			
Scarning			
Scaynes Hill			
Scholar Green			
Scole			
Scorton			
Scotton			
Scottow			
Scremerston			
Sculthorpe			
Scunthorpe			
Seacombe			
Seaford			
Seaforth			
Seagrave			
Seaham			
Seahouses			
Seal			
Seale			
Seascale			
Seaton			
Seaton Burn			
Seaton Delaval			
Seaton Sluice			
Sedbergh			
Sedbury			
Sedgefield			
Sedgeford			
Sedgley			
Sedlescombe			
Seend			
Seer Green			
Seghill			
Selattyn			
Selby			
Sellindge			
Selling			
Selsey			
Selston			
Semington			
Send			
Sennen			
Settle			
Seven Sisters			
Sevenoaks			
Sevenoaks Weald			
Severn Beach			
Shackleford			
Shaftesbury			
Shaldon			
Shalfleet			
Shalford			
Shanklin			
Shap			
Shapwick			
Shareshill			
Sharnbrook			
Sharnford			
Sharow			
Shaugh Prior			
Shavington			
Shaw			
Shawbury			
Shebbear			
Shedfield			
Sheepscombe			
Sheepy Magna			
Sheerness			
Sheffield			
Shefford			
Sheldwich			
Shelfield			
Shelton			
Shenfield			
Shenington			
Shenley			
Shepperton			
Shepshed			
Shepton Mallet			
Sherborne			
Sherborne St John			
Sherburn			
Sherburn Hill			
Sherburn In Elmet			
Shere			
Sherfield English			
Sherfield-On-Loddon			
Sheriff Hutton			
Sheriffhales			
Sheringham			
Sherston			
Shevington			
Shield Row			
Shifnal			
Shilbottle			
Shildon			
Shillingstone			
Shillington			
Shinfield			
Shipdham			
Shipley			
Shipston-On-Stour			
Shipton By Beningbrough			
Shipton Under Wychwood			
Shirebrook			
Shiremoor			
Shireoaks			
Shirland			
Shirwell			
Shobdon			
Sholden			
Shoreham			
Shoreham-By-Sea			
Shortlanesend			
Shortstown			
Shotley			
Shotley Bridge			
Shottery			
Shotton			
Shotton Colliery			
Shouldham			
Shrewsbury			
Shrewton			
Shute			
Shuttlewood			
Sibford Ferris			
Sibford Gower			
Sible Hedingham			
Sibsey			
Sicklinghall			
Sidbury			
Sidcup			
Sidestrand			
Sidlesham			
Sidlow			
Sidmouth			
Sigglesthorne			
Silchester			
Sileby			
Silloth			
Silsden			
Silsoe			
Silver End			
Silverdale			
Silverstone			
Silverton			
Simonstone			
Sindlesham			
Singleton			
Sittingbourne			
Sixpenny Handley			
Skegness			
Skelmersdale			
Skelton			
Skelton On Ure			
Skelton-In-Cleveland			
Skewen			
Skidby			
Skipsea			
Skipton			
Skirlaugh			
Slaidburn			
Slaley			
Sleaford			
Sledmere			
Slimbridge			
Slindon			
Slinfold			
Slip End			
Slough			
Slyne			
Smallfield			
Smallwood			
Smannell			
Smarden			
Smeeth			
Smethwick			
Snaith			
Snape			
Snarestone			
Snettisham			
Snitterfield			
Snodland			
Soham			
Solihull			
Somerby			
Somerleyton			
Somersham			
Somerton			
Sompting			
Sonning			
Soughton			
Sound			
South Baddesley			
South Bank			
South Brent			
South Cave			
South Cerney			
South Church			
South Croydon			
South Fambridge			
South Ferriby			
South Godstone			
South Harting			
South Hetton			
South Killingholme			
South Kilworth			
South Littleton			
South Mimms			
South Molton			
South Moor			
South Normanton			
South Nutfield			
South Ockendon			
South Otterington			
South Oxhey			
South Petherton			
South Shields			
South Stanley			
South Weald			
South Wheatley			
South Wonston			
South Wootton			
South Zeal			
Southall			
Southam			
Southampton			
Southbourne			
Southend On Sea			
Southend-On-Sea			
Southery			
Southfleet			
Southgate			
Southill			
Southminster			
Southport			
Southrepps			
Southrop			
Southsea			
Southwater			
Southwell			
Southwick			
Southwold			
Sowerby			
Sowerby Bridge			
Spalding			
Spaldwick			
Sparkwell			
Sparsholt			
Speen			
Spellbrook			
Spencers Wood			
Spennithorne			
Spennymoor			
Spilsby			
Spinkhill			
Spital			
Spittal			
Spofforth			
Spooner Row			
Sporle			
Spratton			
Spreyton			
Springhead			
Sproatley			
Sproughton			
St Agnes			
St Albans			
St Andrews Major			
St Asaph			
St Athan			
St Austell			
St Bees			
St Blazey			
St Briavels			
St Brides Major			
St Buryan			
St Cleer			
St Clement			
St Columb			
St Columb Road			
St Davids			
St Day			
St Dennis			
St Dogmaels			
St Dominic			
St Erme			
St Erth			
St George			
St Germans			
St Giles On The Heath			
St Helen Auckland			
St Helens			
St Hilary			
St Ippolyts			
St Ives			
St Johns Chapel			
St Just			
St Keverne			
St Leonards-On-Sea			
St Leonards/St Ives			
St Levan			
St Margarets At Cliffe			
St Martin			
St Martins			
St Mary Bourne			
St Mary Church			
St Mary'S			
St Mawes			
St Mawgan			
St Mellion			
St Michaels			
St Neot			
St Neots			
St Newlyn East			
St Nicholas			
St Osyth			
St Stephen			
St Stephens			
Stafford			
Stainburn			
Staindrop			
Staines			
Staines-Upon-Thames			
Staining			
Stainton			
Stakeford			
Stalbridge			
Stalham			
Stallingborough			
Stalmine			
Stalybridge			
Stambridge			
Stamford			
Stamford Bridge			
Stamfordham			
Stanbridge			
Standish			
Standlake			
Stanford Le Hope			
Stanhope			
Stanion			
Stanley			
Stanley Common			
Stanley Crook			
Stanmore			
Stannington			
Stanstead Abbotts			
Stansted			
Stanton			
Stanton Harcourt			
Stanton In Peak			
Stanton St Quintin			
Stanton Under Bardon			
Stanway			
Stanwell			
Stanwick			
Stanwix			
Stapeley			
Staple Hill			
Staplecross			
Staplefield			
Stapleford			
Staplehurst			
Starcross			
Startforth			
Stathern			
Staunton On Wye			
Staveley			
Staverton			
Steam Mills			
Stedham			
Steeple Ashton			
Steeple Aston			
Steeple Bumpstead			
Steeple Claydon			
Steeple Langford			
Steeple Morden			
Steeton With Eastburn			
Stelling Minnis			
Stetchworth			
Stevenage			
Stewartby			
Stewkley			
Steyning			
Sticklepath			
Stickney			
Stillington			
Stilton			
Stiperstones			
Stisted			
Stithians			
Stoborough			
Stockbridge			
Stockbridge Village			
Stockland			
Stockport			
Stocksfield			
Stockton			
Stockton-On-Tees			
Stogumber			
Stogursey			
Stoke Ash			
Stoke Bruerne			
Stoke By Clare			
Stoke By Nayland			
Stoke Canon			
Stoke Ferry			
Stoke Fleming			
Stoke Gabriel			
Stoke Gifford			
Stoke Golding			
Stoke Goldington			
Stoke Heath			
Stoke Holy Cross			
Stoke Mandeville			
Stoke On Trent			
Stoke Poges			
Stoke Prior			
Stoke Sub Hamdon			
Stoke-On-Trent			
Stokeinteignhead			
Stokenchurch			
Stokenham			
Stokesley			
Stone			
Stone Cross			
Stonebroom			
Stonegate			
Stonehouse			
Stoneleigh			
Stonesfield			
Stoney Stanton			
Stonham Aspal			
Stony Stratford			
Storrington			
Storth			
Stotfold			
Stottesdon			
Stourbridge			
Stourport On Severn			
Stover			
Stow Bardolph			
Stow-On-The-Wold			
Stowmarket			
Stowupland			
Stradbroke			
Stratfield Turgis			
Stratford			
Stratford St Mary			
Stratford Sub Castle			
Stratford-Upon-Avon			
Stratton			
Street			
Streetly			
Strelley			
Stretford			
Stretton			
Stretton Sugwas			
Stretton-On-Dunsmore			
Stroud			
Studham			
Studley			
Studley Green			
Sturminster Marshall			
Sturminster Newton			
Sturry			
Stutton			
Styal			
Suckley			
Sudbury			
Sully			
Summerbridge			
Summercourt			
Sunbury On Thames			
Sunderland			
Sundon			
Sundridge			
Sunnybrow			
Surbiton			
Surlingham			
Surrey			
Sutcombe			
Sutton			
Sutton At Hone			
Sutton Benger			
Sutton Bonington			
Sutton Coldfield			
Sutton Cum Lound			
Sutton In Ashfield			
Sutton Leach			
Sutton Manor			
Sutton On Sea			
Sutton On The Forest			
Sutton On Trent			
Sutton Upon Derwent			
Sutton Valence			
Sutton Veny			
Swadlincote			
Swaffham			
Swaffham Bulbeck			
Swaffham Prior			
Swainby			
Swalcliffe			
Swanage			
Swanbourne			
Swanland			
Swanley			
Swanmore			
Swannington			
Swanscombe			
Swansea			
Swanton Abbott			
Swanton Morley			
Swarland			
Swavesey			
Sway			
Swimbridge			
Swindon			
Swinefleet			
Swinford			
Swinton			
Swithland			
Symondsbury			
Synod Inn			
Syresham			
Syston			
Tackley			
Tacolneston			
Tadcaster			
Taddington			
Tadley			
Tadworth			
Taffs Well			
Taibach			
Talbot Green			
Talgarreg			
Talgarth			
Talsarn			
Talsarnau			
Talybont			
Tamworth			
Tangmere			
Tansley			
Taplow			
Tardebigge			
Tarleton			
Tarporley			
Tasburgh			
Tattershall			
Tattingstone			
Taunton			
Tavistock			
Tawstock			
Tebay			
Tedburn St Mary			
Teddington			
Teesville			
Teignmouth			
Telford			
Telscombe Cliffs			
Temple Grafton			
Temple Guiting			
Temple Herdewyke			
Temple Normanton			
Temple Sowerby			
Templecombe			
Ten Mile Bank			
Tenbury Wells			
Tenby			
Tendring			
Tenterden			
Terling			
Terrington			
Terrington St Clement			
Terrington St John			
Tetbury			
Tetford			
Tetney			
Teversham			
Tewin			
Tewkesbury			
Teynham			
Thakeham			
Thame			
Thames Ditton			
Thamesmead			
Thatcham			
Thatto Heath			
Thaxted			
The Grove			
The Lizard			
Theddlethorpe			
Therfield			
Thetford			
Thingwall			
Thirsk			
Thompson			
Thornaby			
Thornbury			
Thorney			
Thornford			
Thorngumbald			
Thornham Magna			
Thornhill			
Thornley			
Thornton			
Thornton Cleveleys			
Thornton Heath			
Thornton Hough			
Thornton Watlass			
Thorpe			
Thorpe Bay			
Thorpe Le Soken			
Thorverton			
Thrapston			
Three Legged Cross			
Threemilestone			
Threlkeld			
Thringstone			
Thriplow			
Thropton			
Thrussington			
Thundridge			
Thurlaston			
Thurleigh			
Thurlton			
Thurmaston			
Thurnby			
Thursby			
Thurstaston			
Thurston			
Thurton			
Tibberton			
Tibshelf			
Ticehurst			
Tickenham			
Tiddington			
Tideswell			
Tidworth			
Tiffield			
Tilbury			
Tillingham			
Tilney All Saints			
Tilney St Lawrence			
Tilshead			
Tilstock			
Timberscombe			
Timperley			
Tingewick			
Tintagel			
Tiptoe			
Tipton			
Tipton St John			
Tiptree			
Tir-Y-Berth			
Tisbury			
Tissington			
Titchmarsh			
Tiverton			
Tivetshall St Mary			
Tockington			
Tockwith			
Toddington			
Todmorden			
Toft			
Toft Hill			
Tollard Royal			
Tollerton			
Tollesbury			
Tolleshunt D'Arcy			
Tolworth			
Tonbridge			
Tongham			
Tonmawr			
Tonwell			
Tonypandy			
Tonyrefail			
Topcliffe			
Toppesfield			
Torpoint			
Torquay			
Torrington			
Tortworth			
Totland			
Totnes			
Toton			
Totternhoe			
Tottington			
Totton			
Tovil			
Tow Law			
Towcester			
Toynton All Saints			
Tranmere			
Trawden			
Trawsfynydd			
Treales Roseacre And Wharles			
Treborth			
Tredegar			
Tredington			
Trefonen			
Tregaron			
Tregarth			
Tregony			
Tregroes			
Treharris			
Treherbert			
Trelawnyd			
Trent			
Treorchy			
Tresco			
Treuddyn			
Trevor			
Trewidland			
Trimdon Grange			
Trimdon Station			
Trimdon Village			
Trimley St Mary			
Trinant			
Tring			
Troon			
Trowbridge			
Trowell			
Trowse			
Truro			
Trysull			
Tudhoe Colliery			
Tugby			
Tunstall			
Tunstead			
Turners Hill			
Turnford			
Turvey			
Tutbury			
Tuxford			
Tweedmouth			
Twemlow			
Twickenham			
Twineham			
Twycross			
Twyford			
Ty Croes			
Tydd St Giles			
Tyldesley			
Tylers Green			
Tyn Y Gongl			
Tynemouth			
Tywardreath			
Tywyn			
Uckfield			
Uffculme			
Uffington			
Ugborough			
Ulceby			
Ulcombe			
Uley			
Ulgham			
Ullesthorpe			
Ulverston			
Umberleigh			
Underwood			
Unstone			
Up Holland			
Upavon			
Upchurch			
Uphill			
Uplyme			
Upminster			
Upottery			
Upper Boddington			
Upper Caldecote			
Upper Clatford			
Upper Dean			
Upper Dicker			
Upper Langwith			
Upper Marham			
Upper Tean			
Uppermill			
Uppingham			
Upton			
Upton Cross			
Upton Snodsbury			
Upton St Leonards			
Upton Upon Severn			
Upwell			
Upwood			
Urchfont			
Urmston			
Ushaw Moor			
Usk			
Utterby			
Uttoxeter			
Uxbridge			
Vange			
Ventnor			
Verwood			
Veryan			
Virginia Water			
Waberthwaite			
Waddesdon			
Waddington			
Wadebridge			
Wadhurst			
Waen Pentir			
Wakefield			
Waldringfield			
Walesby			
Walford			
Walgrave			
Walkeringham			
Walkhampton			
Walkington			
Wall Heath			
Wallasey Village			
Wallingford			
Wallington			
Wallsend			
Walmer			
Walpole Cross Keys			
Walpole Highway			
Walpole St Andrew			
Walsall			
Walsall Wood			
Walsingham			
Walters Ash			
Waltham			
Waltham Abbey			
Waltham Chase			
Waltham Cross			
Waltham On The Wolds			
Walthamstow			
Walton On The Hill			
Walton On The Naze			
Walton-Le-Dale			
Walton-On-Thames			
Wantage			
Warbleton			
Warboys			
Warcop			
Wardle			
Ware			
Wareham			
Wareside			
Wargrave			
Warkworth			
Warley			
Warlingham			
Warmingham			
Warmington			
Warminster			
Warmley			
Warnham			
Warninglid			
Warrington			
Warsop			
Warton			
Warwick			
Warwick Bridge			
Washington			
Watchet			
Water Orton			
Waterbeach			
Waterhouses			
Waterloo			
Waterlooville			
Watersfield			
Watford			
Watlington			
Watton			
Watton At Stone			
Wavendon			
Wawne			
Weasenham All Saints			
Wedmore			
Wednesbury			
Weedon			
Weedon Lois			
Weeley			
Weeting			
Weeton With Preese			
Weldon			
Welford			
Welford-On-Avon			
Welland			
Wellesbourne			
Wellfield			
Welling			
Wellingborough			
Wellington			
Wells			
Wells-Next-The-Sea			
Welshampton			
Welshpool			
Welton			
Welwyn			
Welwyn Garden City			
Wem			
Wembley			
Wembury			
Wendover			
Wenhaston With Mells Hamlet			
Wennington			
Wentnor			
Wenvoe			
Weobley			
Werrington			
Wessington			
West Alvington			
West Ashling			
West Ashton			
West Auckland			
West Bergholt			
West Boldon			
West Bridgford			
West Bromwich			
West Buckland			
West Burton			
West Butterwick			
West Byfleet			
West Charleton			
West Chiltington			
West Dean			
West Down			
West Drayton			
West Ealing			
West End			
West Ewell			
West Felton			
West Haddon			
West Hallam			
West Hill			
West Hoathly			
West Horndon			
West Horsley			
West Kingsdown			
West Kirby			
West Lavington			
West Lulworth			
West Malling			
West Meon			
West Mersea			
West Molesey			
West Moor			
West Moors			
West Newton			
West Pelton			
West Rainton			
West Raynham			
West Row			
West Tanfield			
West Thorney			
West Walton			
West Wickham			
West Winch			
West Wittering			
West Woodburn			
West Wycombe			
West Wylam			
Westbourne			
Westbury			
Westbury On Severn			
Westcliff-On-Sea			
Westcott			
Westerham			
Westfield			
Westgate On Sea			
Westham			
Westhampnett			
Westhead			
Westhouses			
Westnewton			
Weston			
Weston Lullingfields			
Weston Rhyn			
Weston Super Mare			
Weston Under Penyard			
Weston-Super-Mare			
Westonbirt			
Westoning			
Westwood			
Westwoodside			
Wetherby			
Wetheringsett Cum Brockford			
Wethersfield			
Wetley Rocks			
Wetwang			
Wexham			
Weybridge			
Weymouth			
Whaddon			
Whaley Bridge			
Whalley			
Whalton			
Wheathampstead			
Wheatley Hill			
Wheaton Aston			
Wheddon Cross			
Whetstone			
Whickham			
Whimple			
Whiston			
Whitbourne			
Whitburn			
Whitby			
Whitchurch			
Whitefield			
Whitehaven			
Whiteley			
Whiteshill			
Whitfield			
Whitford			
Whitland			
Whitley Bay			
Whitstable			
Whittington			
Whittle-Le-Woods			
Whittlebury			
Whittlesey			
Whittlesford			
Whittonstall			
Whitwell			
Whitwick			
Whixall			
Whyteleafe			
Wick			
Wicken			
Wickford			
Wickham			
Wickham Market			
Wickhambreaux			
Wickhambrook			
Wicklewood			
Widdrington Station			
Widegates			
Wideopen			
Widford			
Widmer End			
Widnes			
Wigan			
Wiggenhall St Mary Magdalen			
Wigginton			
Wiggonby			
Wigley			
Wigmore			
Wigston			
Wigton			
Wilberfoss			
Wilburton			
Wilby			
Wilden			
Willand			
Willaston			
Willenhall			
Willerby			
Willersey			
Willesborough			
Willingham			
Willington			
Williton			
Willoughby			
Willoughby On The Wolds			
Wilmcote			
Wilmington			
Wilmslow			
Wilpshire			
Wilstead			
Wilton			
Wimbledon			
Wimblington			
Wimborne			
Wimborne Minster			
Wimborne St Giles			
Wimbotsham			
Wincanton			
Winchelsea			
Winchester			
Wincle			
Windermere			
Windle			
Windlesham			
Windsor			
Winestead			
Winfarthing			
Winfrith Newburgh			
Wingate			
Wingerworth			
Wingfield			
Wingham			
Wingrave			
Winkleigh			
Winmarleigh			
Winnersh			
Winscombe			
Winsford			
Winsley			
Winslow			
Winsor			
Winstanley			
Winster			
Winterborne Stickland			
Winterborne Whitechurch			
Winterbourne			
Winterbourne Abbas			
Winteringham			
Winterslow			
Winterton			
Winterton-On-Sea			
Winthorpe			
Wirksworth			
Wisbech			
Wisbech St Mary			
Wisborough Green			
Wistaston			
Witchampton			
Witchford			
Witham			
Witheridge			
Witherley			
Withern			
Withernsea			
Witherslack			
Withington			
Withnell			
Withyham			
Witnesham			
Witney			
Wittersham			
Witton Gilbert			
Witton Park			
Witton-Le-Wear			
Wivenhoe			
Wix			
Wixams			
Woburn			
Woking			
Wokingham			
Wold Newton			
Woldingham			
Wollaston			
Wollescote			
Wolsingham			
Wolston			
Wolverhampton			
Wolverley			
Wolverton			
Wolvey			
Wolviston			
Wombourne			
Wooburn Green			
Wood End			
Wood Street Village			
Woodborough			
Woodbridge			
Woodchurch			
Woodditton			
Woodford Green			
Woodford Halse			
Woodhall Spa			
Woodham Walter			
Woodhouse Eaves			
Woodland			
Woodlands			
Woodley			
Woodmansey			
Woodmansterne			
Woodsetton			
Woodstock			
Woodstone Village			
Woodthorpe			
Woodton			
Wool			
Woolacombe			
Woolaston			
Wooler			
Woolfardisworthy			
Woolley Moor			
Woolpit			
Woolton Hill			
Woolverstone			
Woolwell			
Woolwich			
Woore			
Wootton			
Wootton Wawen			
Worcester			
Worcester Park			
Wordsley			
Worfield			
Workington			
Worksop			
Worlaby			
Worleston			
Worlingham			
Worlingworth			
Wormbridge			
Wormegay			
Wormley			
Worsley			
Worstead			
Worsthorne-With-Hurstwood			
Worth			
Worthen			
Worthing			
Worthington			
Worton			
Wotton-Under-Edge			
Wragby			
Wraxall			
Wray			
Wreay			
Wrenbury			
Wreningham			
Wrestlingworth			
Wrexham			
Wrightington			
Wrington			
Wroot			
Wroxall			
Wroxton			
Wybunbury			
Wychbold			
Wye			
Wylam			
Wymeswold			
Wymington			
Wymondham			
Wythall			
Wyton On The Hill			
Wyverstone			
Y Bala			
Y Ffr			
Y Friog			
Y Fron			
Y Groeslon			
Yalding			
Yanwath			
Yapton			
Yardley Gobion			
Yardley Hastings			
Yarm			
Yarmouth			
Yarnton			
Yate			
Yateley			
Yatton			
Yaxham			
Yaxley			
Yeadon			
Yealand Redmayne			
Yealmpton			
Yelvertoft			
Yeoford			
Yeovil			
Yetminster			
Ynysddu			
York			
Youlgrave			
Yoxall			
Yoxford			
Ysbyty Ystwyth			
Ystalyfera			
Ystrad Mynach			
Ystradgynlais			
